last_name,first_name,middle_init,agency
Abdallah,George,None,San Joaquin County Superior Court
Acero,George,Albert,Sacramento County Superior Court
Aceves,Efrain,M,Los Angeles County Superior Court
Acquisto,Stephen,P,Sacramento County Superior Court
Adams,Charles,F,Santa Clara County Superior Court
Adams,John,S,Orange County Superior Court
Adams,Verna,A,Marin County Superior Court
Adams Jr.,Thomas,R,Santa Barbara County Superior Court
Agbayani,Antonino,J,San Joaquin County Superior Court
Agron,Joel,S,San Bernardino County Superior Court
Ahnn,Michelle,M,Los Angeles County Superior Court
Alarcon,Gregory,W,Los Angeles County Superior Court
Alcala,Javier,None,Santa Clara County Superior Court
Alexander,Daniel,None,Los Angeles County Superior Court
Alexander,Erin,K,San Bernardino County Superior Court
Alexander,Rasheed,None,San Bernardino County Superior Court
Alldredge,Brett,None,Tulare County Superior Court
Allen-Hill,Glenda,None,Fresno County Superior Court
Alloggiamento,Julia,None,Santa Clara County Superior Court
Almada,Manuel,Alejandro,Los Angeles County Superior Court
Alva,Jose,L,San Joaquin County Superior Court
Alvarez,Claudia,C.,Orange County Superior Court
Alvarez,Donald,R,San Bernardino County Superior Court
Alvarez,Frank,B,Fresno County Superior Court
Alvarez,Olga,None,San Diego County Superior Court
Amador,Robert,O,San Diego County Superior Court
Ameral,Ann,Q,Stanislaus County Superior Court
Amerian,Michael,R,Los Angeles County Superior Court
Amin,Marsha,None,San Diego County Superior Court
Anderholt,L. Brooks,None,Imperial County Superior Court
Anderle,Thomas,P,Santa Barbara County Superior Court
Anderson,Johnnetta,E,Riverside County Superior Court
Anderson,Marla,O,Monterey County Superior Court
Anderson,Matthew,S,Orange County Superior Court
Anderson III,Clifford,R,Santa Barbara County Superior Court
Apaloo,Khymberli,S,San Bernardino County Superior Court
Apkarian,Gassia,None,Orange County Superior Court
Apkarian,Isabel,None,Orange County Superior Court
Arakaki,Akemi,D,Los Angeles County Superior Court
Arand,Mary,E,Santa Clara County Superior Court
Arax,Brian,M,Fresno County Superior Court
Archuleta,Debra,None,Los Angeles County Superior Court
Arguelles,James,P,Sacramento County Superior Court
Arian,Lee,None,Los Angeles County Superior Court
Armand,Jason,Michael,Riverside County Superior Court
Armendariz,Maria,None,Los Angeles County Superior Court
Armour,Carlos,O,San Diego County Superior Court
Arnold,Mark,None,Los Angeles County Superior Court
Arroyo,Jacqueline,M,Santa Clara County Superior Court
Arthur,Craig,E,Orange County Superior Court
Asberry,Irma,P,Riverside County Superior Court
Ash,Carol,K,Merced County Superior Court
Ashby,David,None,Sutter County Superior Court
Ashmann-Gerst,Judith,M,"Court of Appeal, Second District"
Ashvanian,Armenui,A,Los Angeles County Superior Court
Ashworth,Vicki,L,El Dorado County Superior Court
Athanasiou,Kirk,None,Contra Costa County Superior Court
Austin,Brian,None,Madera County Superior Court
Averill,Shelly,J,Sonoma County Superior Court
Avila,Wendy,None,Kern County Superior Court
Awoniyi,Bunmi,O,Sacramento County Superior Court
Ayers,Nancy,L,Ventura County Superior Court
Ayoob,Donald,J,San Mateo County Superior Court
Babineau,Kelly,L.,Nevada County Superior Court
Bacal,Katherine,None,San Diego County Superior Court
Bacciarini,Mark,V,Merced County Superior Court
Bacigalupo,Paul,A,Los Angeles County Superior Court
Badhan,Rita,Linda,Los Angeles County Superior Court
Badhan-Smith,Neetu,None,Los Angeles County Superior Court
Bae,Judy,S,San Diego County Superior Court
Baelly,Paul,W,Ventura County Superior Court
Bailey,Julian,W,Orange County Superior Court
Baio,Rocky,J,Ventura County Superior Court
Baker,Lamar,W,"Court of Appeal, Second District"
Baker,Stephen,H,Shasta County Superior Court
Baltodano,Hernaldo,J,"Court of Appeal, Second District"
Bamattre-Manoukian,Patricia,None,"Court of Appeal, Sixth District"
Banke,Kathleen,M,"Court of Appeal, First District"
Banuelos,Blanca,None,San Joaquin County Superior Court
Barclay,Francis,W,Modoc County Superior Court
"Barmann, Jr.",Bernard,None,Kern County Superior Court
Barnes,Craig,Scott,Los Angeles County Superior Court
Baron,Abigail,Marie,Los Angeles County Superior Court
Barrera,Mario,None,Los Angeles County Superior Court
Barrera II,Gus,C.,San Joaquin County Superior Court
Barreto,Fernanda,Maria,Los Angeles County Superior Court
Barrett,Thang,None,Santa Clara County Superior Court
Baytieh,Ebrahim,None,Orange County Superior Court
Bean,Sandra,K,Alameda County Superior Court
Beaudet,Teresa,A,Los Angeles County Superior Court
Beckloff,Mitchell,L,Los Angeles County Superior Court
Bedsworth,William,None,"Court of Appeal, Fourth District"
Beebe,Jed,Q,Santa Barbara County Superior Court
Begert,Michael,I,San Francisco County Superior Court
Behan,Wendy,M.,San Diego County Superior Court
Behar,Lori,R,Los Angeles County Superior Court
Bejarano,Marissa,A.,San Diego County Superior Court
"Bell, Jr.",Charles,E.,San Diego County Superior Court
Belsky,Daniel,S,San Diego County Superior Court
Beltramo,Shara,None,Contra Costa County Superior Court
Belz,David,L,Orange County Superior Court
Benavides,Jose,R,Kern County Superior Court
Bender,Thomas,L,Madera County Superior Court
Bendix,Helen,I,"Court of Appeal, Second District"
Bendorf,Melanie,K.,Yuba County Superior Court
Benjamini,Dean,None,Riverside County Superior Court
Benjamini,Emily,None,Riverside County Superior Court
Bennett,Francis,B,Los Angeles County Superior Court
Bennett,Jeffrey,G,Ventura County Superior Court
# Bennett,Teresa,S,San Bernardino County Superior Court
Bensinger,Kerry,R,Los Angeles County Superior Court
Benson,Stephen,E,Butte County Superior Court
Berger,David,A,Los Angeles County Superior Court
Berle,Elihu,M,Los Angeles County Superior Court
Bermudez,Angel,M,Riverside County Superior Court
Bermudez,Eran,M,Imperial County Superior Court
Bernal,Margaret,M,Los Angeles County Superior Court
Bernal,Paul,R,Santa Clara County Superior Court
Beronio,Janene,None,Yolo County Superior Court
Berrier,Stephen,W,Yuba County Superior Court
Berry,David,L,San Diego County Superior Court
Bershon,Nicole,C,Los Angeles County Superior Court
Bertoli,James,G,Sonoma County Superior Court
Bessey,Shawn,D,Stanislaus County Superior Court
Bianco,D. Brett,None,Los Angeles County Superior Court
Bianco,James,N,Los Angeles County Superior Court
Bianco,John,P,Tulare County Superior Court
Bicego,JoAnn,M,Siskiyou County Superior Court
Bigelow,Molly,A,Shasta County Superior Court
Bilash,Colin,J,San Bernardino County Superior Court
Birchak,Frank,L,San Diego County Superior Court
Bird,George,F,Los Angeles County Superior Court
Birkmeyer,Laura,J,San Diego County Superior Court
Bishay,Michael,None,Alameda County Superior Court
Blackshaw,Julie,F,Los Angeles County Superior Court
Blades,Steven,D,Los Angeles County Superior Court
Blakely,Clifford,T.,Alameda County Superior Court
Blancarte,James,E,Los Angeles County Superior Court
Blanchard,B. Kathleen,None,Los Angeles County Superior Court
Blanco,Alicia,Y,Los Angeles County Superior Court
Blea,Dale,J,Madera County Superior Court
Blea III,Jacob,None,Alameda County Superior Court
Blecher,Brooke,A.,Santa Clara County Superior Court
Blizzard,Thadd,A,Sacramento County Superior Court
# Bloom,Richard,H,Los Angeles County Superior Court
Blum,Andrew,S,Lake County Superior Court
Bocanegra,Arthur,None,Santa Clara County Superior Court
Boccone-Gallo,Juliet,L,Tulare County Superior Court
Boessenecker,Mark,None,Napa County Superior Court
Bogdanoff,Lee,None,Los Angeles County Superior Court
Bogert,Tami,R,Sacramento County Superior Court
Bolanos,Suzanne,R,San Francisco County Superior Court
Bondonno,Franklin,E,Santa Clara County Superior Court
Bonilla,David,None,Sacramento County Superior Court
Bonini,Griffin,None,Santa Clara County Superior Court
Borjon,Keith,H,Los Angeles County Superior Court
Bork,Terry,A,Los Angeles County Superior Court
Borkon,Peter,E.,Alameda County Superior Court
Borrell,Mark,S,Ventura County Superior Court
Bosley,Gia,None,Los Angeles County Superior Court
Bottke,C. Todd,None,Tehama County Superior Court
Boulware Eurie,Stacy,E,"Court of Appeal, Third District"
Bovee,Guy,None,San Bernardino County Superior Court
Bowen,Christopher,R,Contra Costa County Superior Court
Bowen,Colin,T.,Alameda County Superior Court
Bowers,Lauren,C,El Dorado County Superior Court
Bowers,Robert,S,Solano County Superior Court
Bowick,Stephanie,M,Los Angeles County Superior Court
Bowman,Blaine,K,San Diego County Superior Court
Bowman,Michael,G,Sacramento County Superior Court
Bradshaw,James,E,Kern County Superior Court
Brady,Laurel,S,Contra Costa County Superior Court
Brand,Jeffrey,S,Alameda County Superior Court
Brandolino,Joseph,None,Los Angeles County Superior Court
Braner,Matthew,C,San Diego County Superior Court
Brazil,Deborah,S,Los Angeles County Superior Court
Brazile,Kevin,C,Los Angeles County Superior Court
Breall,Susan,None,San Francisco County Superior Court
Brehmer,Charles,R,Kern County Superior Court
Brennan,Clayton,L,Mendocino County Superior Court
Brickey,Gabriel,Leonard,Fresno County Superior Court
Broadbelt III,Robert,B,Los Angeles County Superior Court
Broderick,Patrick,M,Sonoma County Superior Court
Brodie,Kyle,S,San Bernardino County Superior Court
Brody,Kenneth,N,Sacramento County Superior Court
# Bromberg,Daniel,H,"Court of Appeal, Sixth District"
Bromberg,Steve,None,Orange County Superior Court
Brougham,Cathryn,F,Los Angeles County Superior Court
Brougham,David,C,Los Angeles County Superior Court
Brower,Matthew,None,San Diego County Superior Court
Brown,David,G,San Diego County Superior Court
Brown,Lawrence,G,Sacramento County Superior Court
Brown,Lynnette,None,Sonoma County Superior Court
Brown,Tracie,L,"Court of Appeal, First District"
Brownlee,John,R,Kern County Superior Court
Bryant,Anita,Starchman,Mariposa County Superior Court
Bryant-Deason,Susan,None,Los Angeles County Superior Court
Buchanan,Martin,Nebrida,"Court of Appeal, Fourth District"
Buckelew,Brian,J,Santa Clara County Superior Court
Buddle Jr.,Donald,None,Los Angeles County Superior Court
Buehner,Charmaine,H,Ventura County Superior Court
Burch,Charles,B,Contra Costa County Superior Court
Burdge Jr.,Richard,J,Los Angeles County Superior Court
Burgess,Jody,M,Shasta County Superior Court
Burgess,Rhonda,N,Alameda County Superior Court
Burghardt,Joseph,J.,Los Angeles County Superior Court
Burlison,Robert,A,Monterey County Superior Court
Burnham Marquez,Raymonda,K,Kern County Superior Court
Burns,Gordon,B,"Court of Appeal, First District"
Burns,Robert,S,Kings County Superior Court
Bush,Michael,None,Kern County Superior Court
Bustamante,Manuel Jr.,None,Riverside County Superior Court
Butler,Pamela,L,Monterey County Superior Court
Byrd,Donald,C,Glenn County Superior Court
Byrdsong,Rupert,A,Los Angeles County Superior Court
Byrum,Maria,None,Los Angeles County Superior Court
Cabrera,Carlos,M,San Bernardino County Superior Court
Cadet,Chinhayi,None,San Mateo County Superior Court
Caffese,Teresa,M.,San Francisco County Superior Court
Caietti,Carolyn,M,San Diego County Superior Court
Calegari,Troye,Kendall,Sonoma County Superior Court
Calero,Alexander,M,San Diego County Superior Court
Camacho,Marcos,R,Kern County Superior Court
Camacho,Mike,None,Los Angeles County Superior Court
Camarena,Enrique,None,San Diego County Superior Court
Camber,Michael,A.,San Bernardino County Superior Court
Campagna,Anthony,J.,San Diego County Superior Court
Campbell,Andre,None,Sacramento County Superior Court
Campbell,Hallie,G.,Tuolumne County Superior Court
Campins,Julia,None,Contra Costa County Superior Court
Campos,Yvonne,E,San Diego County Superior Court
Candela,Michael,P,Butte County Superior Court
Canning,Timothy,None,Humboldt County Superior Court
Cannon,Gloria,J.,Kern County Superior Court
Cano,Rachel,None,San Diego County Superior Court
Caraway,Corie,J,Butte County Superior Court
Carringer,Christine,A,Solano County Superior Court
Carrozzo,Michael,J,Santa Barbara County Superior Court
Carter,Amy,None,Los Angeles County Superior Court
Carter,Michael,D,Los Angeles County Superior Court
Cassidy,Alan,K,Stanislaus County Superior Court
Cassidy,Michael,J,Orange County Superior Court
Castillo,Michele,M,Ventura County Superior Court
Castro,Arturo,None,Alameda County Superior Court
Cavalluzzi,Maria,None,Los Angeles County Superior Court
Caves,Michael,Arthur,Kern County Superior Court
Cena,David,A,Santa Clara County Superior Court
Chalfant,James,C,Los Angeles County Superior Court
Chan,Bruce,None,San Francisco County Superior Court
Chan,Roger,C,San Francisco County Superior Court
Chaney,Victoria,G,"Court of Appeal, Second District"
Chang,Adam,None,Los Angeles County Superior Court
Chang,Shelleyanne,W,Sacramento County Superior Court
Chang,Wendy,None,Los Angeles County Superior Court
Charlick,Shereen,None,San Diego County Superior Court
Chastain,Shauna,L,Solano County Superior Court
Chatterjee,Somnath Raj,None,Alameda County Superior Court
Chau,Edwin,P,Los Angeles County Superior Court
Chavez,Victoria,M,"Court of Appeal, Second District"
Cheng,Andrew Y.S.,None,San Francisco County Superior Court
Chernus,Roy,O,Marin County Superior Court
Chew,Hanley,None,Santa Clara County Superior Court
Chiarello,Vincent,J,Santa Clara County Superior Court
Chin,Jason,B,Alameda County Superior Court
Cho,Lawrence,H,Los Angeles County Superior Court
Cho,Sharon,K.,San Mateo County Superior Court
Cho,Susanne,S,Riverside County Superior Court
Cho,Tony,None,Los Angeles County Superior Court
Chou,Danny,Y.,San Mateo County Superior Court
Chou,Danny,Y.,"Court of Appeal, First District"
Chou,James,T,Marin County Superior Court
Chowdhury,Ashfaq,G,Los Angeles County Superior Court
Chrissakis,Valerie,R,Kings County Superior Court
Christian,Deborah,None,Los Angeles County Superior Court
Chrostek,Joan,M,Los Angeles County Superior Court
Chu,Robert,G.,Los Angeles County Superior Court
Chun,A. Marisa,None,San Francisco County Superior Court
Chung,Charles,A,Los Angeles County Superior Court
Chung,Frederick,S,Santa Clara County Superior Court
Chung,Lisa,M,Los Angeles County Superior Court
Church,Rebecca,G.,San Diego County Superior Court
Cisneros,Ramiro,None,Los Angeles County Superior Court
Ciuffini,Kathy,A,Kings County Superior Court
Clapp,Lewis,W,Orange County Superior Court
Clark,Judith,C,Riverside County Superior Court
Clark,L. Michael,None,Santa Clara County Superior Court
Clark,Thomas,S,Kern County Superior Court
Claster,William,D,Orange County Superior Court
Claustro,Israel,None,Orange County Superior Court
Clay,C. Don,None,Alameda County Superior Court
Clay,Charles,Q,Los Angeles County Superior Court
Clay,Jason,A,Alameda County Superior Court
Clover,Suzette,None,Los Angeles County Superior Court
Coates,Tana,L,San Luis Obispo County Superior Court
Coats,Benjamin,F,Ventura County Superior Court
Coats,Wendy,None,Contra Costa County Superior Court
Cobb-Hampton,Amyra,None,Solano County Superior Court
Cochran,Robert,None,Del Norte County Superior Court
Cochran,Steve,None,Los Angeles County Superior Court
Cockrum,Kaleb,V,Humboldt County Superior Court
Codrington,Carol,D,"Court of Appeal, Fourth District"
Coen,Lisa,None,Los Angeles County Superior Court
Coen,Ronald,S,Los Angeles County Superior Court
Coen,Sean,D,Los Angeles County Superior Court
Coggins,Dena,M.,Sacramento County Superior Court
Cogliati,Syda,None,Santa Cruz County Superior Court
Cohen,Magdalena,None,Riverside County Superior Court
Cohen-Laurie,Jeffrey,S.,Los Angeles County Superior Court
Cohn,David,S,San Bernardino County Superior Court
Cole,Debra,A,Los Angeles County Superior Court
Cole-Doss,Emily,Jane,Los Angeles County Superior Court
Cole-Hall,Debra,A,Los Angeles County Superior Court
Coletta,Alfred,A,Los Angeles County Superior Court
Colfax,Linda,H,San Francisco County Superior Court
Collet,D. Lynn,None,Madera County Superior Court
Collins,Audrey,B,"Court of Appeal, Second District"
Colover,H. Shaina,None,Orange County Superior Court
Colwell,Kimberly,E,Alameda County Superior Court
Condes,Elena,None,Alameda County Superior Court
Conklin,Jonathan,B,Fresno County Superior Court
Connolly,Pat,E,Los Angeles County Superior Court
Connolly,Rebecca,None,Santa Cruz County Superior Court
Conroy,Brendan,P,San Francisco County Superior Court
Convey,Michael,J,Los Angeles County Superior Court
Cookson,Patricia,K,San Diego County Superior Court
Cooley,Shannon,Kathleen,Los Angeles County Superior Court
Cooper,Andrew,E,Los Angeles County Superior Court
Cooper,Scott,B,Orange County Superior Court
Cope,John,C,Contra Costa County Superior Court
Cope,Mark,None,Riverside County Superior Court
Cops,Jennifer,H.,Los Angeles County Superior Court
Corona,Adolfo,M,Fresno County Superior Court
Corrigan,Carol,A,Supreme Court of California
Cortes,Sonia,None,Yolo County Superior Court
Cortez,Annabelle,G,Los Angeles County Superior Court
Cortez,Rodney,A,San Bernardino County Superior Court
Cotton,Huey,P,Los Angeles County Superior Court
Coughlan,Michael,D,San Joaquin County Superior Court
Counelis,Steven,G,Riverside County Superior Court
Court,Michelle,W,Los Angeles County Superior Court
Covello,Timothy,S,San Luis Obispo County Superior Court
Cowan,David,J,Los Angeles County Superior Court
Cramer,James,P,Alameda County Superior Court
Cramin,Corey,None,Orange County Superior Court
Crandell,Sean,Paul,Riverside County Superior Court
Crompton,Charles,S,San Francisco County Superior Court
Crowfoot,William,A.,Los Angeles County Superior Court
Crowley,Daniel,M.,Los Angeles County Superior Court
Cullers,Mark,E,Fresno County Superior Court
Culver,Julie,R,Monterey County Superior Court
Cumba,Mark,None,San Diego County Superior Court
Cunningham III,David,S,Los Angeles County Superior Court
Currey,Brian,S,"Court of Appeal, Second District"
Currier,Donald,J,Sacramento County Superior Court
Czuleger,John,Stephen,Los Angeles County Superior Court
Dabel,Sean,P,San Mateo County Superior Court
Dahlquist,Robert,P,San Diego County Superior Court
Dalesandro,Samuel,J,Fresno County Superior Court
Damrell,Lauri,A.,Sacramento County Superior Court
Dandona,Jean,M,Santa Barbara County Superior Court
Danner,Allison,M,"Court of Appeal, Sixth District"
Dansby,Pamela,None,Los Angeles County Superior Court
Darwin,Richard,C,San Francisco County Superior Court
Dato,William,S,"Court of Appeal, Fourth District"
Dauber,Michael,None,San Bernardino County Superior Court
Daum,Nicholas,None,Los Angeles County Superior Court
Davalos,Maria,A,Los Angeles County Superior Court
Davis,Carlton,G.,Sacramento County Superior Court
Davis,Cindy,D,San Diego County Superior Court
Davis,John,M,Riverside County Superior Court
Davis,Laura,Jane,Sutter County Superior Court
Davis,Mark,None,Los Angeles County Superior Court
Davis,Terrye,D,Solano County Superior Court
Davis,Troy,G.,Los Angeles County Superior Court
Davis III,Leland,None,San Mateo County Superior Court
Day,Renee,C,Amador County Superior Court
De La Cruz,Andre,None,Orange County Superior Court
De La Pena,Nancy,A,Santa Cruz County Superior Court
De Witt,Susan,J,Los Angeles County Superior Court
DeCasas,Michelle,Erika,Los Angeles County Superior Court
Deddeh,Peter,C,San Diego County Superior Court
Deems,Michael,R,Butte County Superior Court
Deen,Shella,None,Santa Clara County Superior Court
DeJesus,Raymonn,J.,Placer County Superior Court
Delaney,Thomas,A,"Court of Appeal, Fourth District"
Delgado,Jessica,M,Santa Clara County Superior Court
Delgado,Rogelio,G,Los Angeles County Superior Court
Delucchi,Paul,A,Alameda County Superior Court
DeMeo,Bradford,J,Sonoma County Superior Court
DeNoce,Kevin,G,Ventura County Superior Court
Deroian,Von,Thuy,Santa Barbara County Superior Court
DeSantos,Thomas,None,"Court of Appeal, Fifth District"
Desautels,Tara,M,Alameda County Superior Court
Detienne,Daniel,W,San Bernardino County Superior Court
Detjen,Jennifer,R.S.,"Court of Appeal, Fifth District"
Devaney,Francis,M,San Diego County Superior Court
Devine,John,None,Contra Costa County Superior Court
Dhillon,Joginder,None,Sacramento County Superior Court
Diaz,Monica,R.,Fresno County Superior Court
Diaz,Rudolph,A,Los Angeles County Superior Court
Diaz Jr.,Samuel,None,Riverside County Superior Court
Dickerson III,Frederick,P,Riverside County Superior Court
Dickinson,Barbara,None,Alameda County Superior Court
Dier,Wendy,J,Modoc County Superior Court
Dillon,Timothy,P,Los Angeles County Superior Court
Distaso,Joseph,R,Stanislaus County Superior Court
Dixon,Karen,L,Siskiyou County Superior Court
Djemal,Sharon,None,Alameda County Superior Court
Do,Truc,T.,"Court of Appeal, Fourth District"
Dohi,Gregory,A,Los Angeles County Superior Court
Dolan,Carly,Brooke,Mendocino County Superior Court
Dolas,Mary,None,Fresno County Superior Court
Dollard,Jennifer,V,Sonoma County Superior Court
Dolnick,Jeremy,D,Orange County Superior Court
Domenzain,Michael,None,Imperial County Superior Court
Dominguez,Ernesto,Carlos,Los Angeles County Superior Court
Dominguez,Juan Carlos,None,Los Angeles County Superior Court
Donahue,Patrick,H,Orange County Superior Court
Donovan,Christine,None,Solano County Superior Court
Dordi,Firdaus,F,Los Angeles County Superior Court
Dorfman,Harry,M,San Francisco County Superior Court
Douglas,Danielle,K,Contra Costa County Superior Court
Dourbetas,Nick,A,Orange County Superior Court
Downing,Marguerite,D,Los Angeles County Superior Court
Draper,Robert,S,Los Angeles County Superior Court
Driscoll,David,None,San Bernardino County Superior Court
Duarte,Elena,J,"Court of Appeal, Third District"
Duff,Christopher,None,Orange County Superior Court
Duffy,Jacquelyn,H,San Luis Obispo County Superior Court
Duffy,Laura,E.,San Diego County Superior Court
Duffy-Lewis,Maureen,None,Los Angeles County Superior Court
Dulcich,Judith,K,Kern County Superior Court
Dunleavy,Kevin,None,San Mateo County Superior Court
Dunn,James,R,Los Angeles County Superior Court
Duong,Le,J,Santa Clara County Superior Court
Durant,Yvette,None,Nevada County Superior Court
Dybwad,Christopher,Warner,Los Angeles County Superior Court
Dyer,Tom,M,Yolo County Superior Court
Eagle,Kristine,A,San Joaquin County Superior Court
Earl,Laurie,M,"Court of Appeal, Third District"
East,Rochelle,C,San Francisco County Superior Court
Edber,Diego,None,Los Angeles County Superior Court
Edmon,Lee,None,"Court of Appeal, Second District"
Edwards,Drew,E,Los Angeles County Superior Court
Edwards,Randy,None,Kings County Superior Court
Egan,Elizabeth,A,Fresno County Superior Court
Egerton,Anne,H,"Court of Appeal, Second District"
Ekland,Alicia,Renee,Glenn County Superior Court
Ellis,John,B,Solano County Superior Court
Ellis,Steven,None,Los Angeles County Superior Court
Ellison,Laura,None,Los Angeles County Superior Court
Elswick,Carol,None,Los Angeles County Superior Court
Elvine-Kreis,Gregory,None,Humboldt County Superior Court
Emede,Julia,A,Santa Clara County Superior Court
Enos,Brian,None,Madera County Superior Court
Enright,Kevin,A,San Diego County Superior Court
Epley,Selena,D,San Diego County Superior Court
Epstein,Mark,H,Los Angeles County Superior Court
Erdosi,Bradley,None,Orange County Superior Court
Erickson,Jeffrey,None,San Bernardino County Superior Court
Ervin,Charles,H,Sierra County Superior Court
Escalante,Kristin,None,Los Angeles County Superior Court
Escobedo,Mildred,None,Los Angeles County Superior Court
Espana,Ana,None,San Diego County Superior Court
Espinoza,Miguel,None,Los Angeles County Superior Court
Esquivel-Pedroza,Rebeca,None,Santa Clara County Superior Court
Estes,Christopher,None,Los Angeles County Superior Court
Estremera,Micael,P.,Santa Clara County Superior Court
Etezadi,Susan,Irene,San Mateo County Superior Court
Eto,Gary,None,Los Angeles County Superior Court
Evangelista,Maria,E,San Francisco County Superior Court
Evans,John,G,Riverside County Superior Court
Evans,Kelly,None,Supreme Court of California
Evenson,Rebekah,B.,Alameda County Superior Court
Exarhos,Herbert,J,San Diego County Superior Court
Eyherabide,Eugenia,None,San Diego County Superior Court
Fagalde,Michael,A,Mariposa County Superior Court
Faherty,Shannon,None,San Bernardino County Superior Court
Fahey,William,F,Los Angeles County Superior Court
Fain,Gregory,T,Fresno County Superior Court
Fall,Timothy,L,Yolo County Superior Court
Falls,Thomas,None,Los Angeles County Superior Court
Fannin,Jill,C,Contra Costa County Superior Court
Fattarsi,Jonathan,William,San Joaquin County Superior Court
Faulder,Keith,None,Mendocino County Superior Court
Federman,Rita,C,San Luis Obispo County Superior Court
Feeney,Jill,None,Los Angeles County Superior Court
Feldstern,Daniel,B,Los Angeles County Superior Court
Feng,Samuel,K,San Francisco County Superior Court
Fenstermacher,Susanne,M,Contra Costa County Superior Court
Ferguson,Jeffrey,M,Orange County Superior Court
Ferguson,Jon,D,San Bernardino County Superior Court
Fernandez,Kenneth,J,Riverside County Superior Court
Ferrall,Brian,L,San Francisco County Superior Court
Ferrari,Philip,None,Sacramento County Superior Court
Ferrentino,Anthony,None,Orange County Superior Court
Feuer,Gail Ruderman,None,"Court of Appeal, Second District"
Fidler,Larry,P,Los Angeles County Superior Court
Fields,David,R,Los Angeles County Superior Court
Fields,Richard,None,"Court of Appeal, Fourth District"
Filer,Kelvin,D,Los Angeles County Superior Court
Fineman,Nancy,None,San Mateo County Superior Court
Finigan,Jeffrey,R,San Mateo County Superior Court
Fiorini,Curtis,M,Sacramento County Superior Court
Firetag,Chad,W,Riverside County Superior Court
Fish,Jonathan,S,Orange County Superior Court
Flanagan,Tara,M,Alameda County Superior Court
Fleming,Eric,R,San Francisco County Superior Court
Flint,Andrea,E,Santa Clara County Superior Court
Flores,Daniel,A,San Francisco County Superior Court
Flores Jr.,Poli,None,Imperial County Superior Court
Flurer,Michele,E,Los Angeles County Superior Court
Flynn,Daniel,E,Shasta County Superior Court
Flynn-Peister,Terri,K,Orange County Superior Court
Foiles,Robert,D.,San Mateo County Superior Court
Folan,Maureen,A,Santa Clara County Superior Court
Foley,Stephen,None,Santa Barbara County Superior Court
Foley,Therese,M.,Kern County Superior Court
Fong,Keith,None,Alameda County Superior Court
Ford III,H. Jay,None,Los Angeles County Superior Court
Franchi,Don,R,San Mateo County Superior Court
Franco,Jose,S,Santa Clara County Superior Court
Frangie,Janet,M,San Bernardino County Superior Court
Frank,Ronald,F,Los Angeles County Superior Court
Frankel,Simon,J.,San Francisco County Superior Court
Franklin,Shauna,Anne,Sacramento County Superior Court
"Franson, Jr.",Donald,R,"Court of Appeal, Fifth District"
Fraser,Jeffrey,F,San Diego County Superior Court
Frazier,Ronald,F,San Diego County Superior Court
Freccero,Stephen,P,Marin County Superior Court
Freeland,Cynthia,A.,San Diego County Superior Court
Freeland,John,D,Stanislaus County Superior Court
Freeman,Kenneth,R,Los Angeles County Superior Court
Freeman Stinn,Josh,R,Los Angeles County Superior Court
Freer,Timothy,F,Riverside County Superior Court
Freestone,Loren,G.,San Diego County Superior Court
Fregoso,Rosa,None,Los Angeles County Superior Court
Freixes,Graciela,L,Los Angeles County Superior Court
Frisco,Chris,J,Los Angeles County Superior Court
Fruin Jr.,Richard,L,Los Angeles County Superior Court
Frye,Michael,S,San Luis Obispo County Superior Court
Fujie,Holly,J,Los Angeles County Superior Court
Fujioka,Margaret,None,Alameda County Superior Court
Fujisaki,Carin,None,"Court of Appeal, First District"
Fuller,Kenneth,None,Los Angeles County Superior Court
Fultz,Robert,Anthony,Tulare County Superior Court
Fusselman,Ian,C,Los Angeles County Superior Court
Gaab,Kimberly,A,Fresno County Superior Court
Gabriel,Lee,L,Orange County Superior Court
Gaffey,Michael,J,Alameda County Superior Court
Gaffney,Donald,F,Orange County Superior Court
Gallon,Stephen,J,Riverside County Superior Court
Galloway,Benjamin,David,Sacramento County Superior Court
Gamoian,Lisa,M,Fresno County Superior Court
Garcia,Damian,None,San Bernardino County Superior Court
Garcia,Lupe,C.,Alameda County Superior Court
Garcia,Michael,None,Los Angeles County Superior Court
Garcia,Patricia,None,San Diego County Superior Court
Garcia,Ruben,None,Los Angeles County Superior Court
Garcia Uhrig,Emily,None,Los Angeles County Superior Court
Garcia-Rodrigo,Candice,None,San Bernardino County Superior Court
Garcia-Sen,Christine,Marie,Santa Clara County Superior Court
Garratt,Stephanie,G,San Mateo County Superior Court
Garrett,Carla,None,Los Angeles County Superior Court
Gary,Matthew,J,Sacramento County Superior Court
Garza,Thomas,S,San Bernardino County Superior Court
Gasdia,Brian,F,Los Angeles County Superior Court
Gastelum,John,C,Orange County Superior Court
Gaston,Marian,None,San Diego County Superior Court
Gauff,Karen,Ackerson,Los Angeles County Superior Court
Gazzaniga,Suzanne,I,Placer County Superior Court
Geck,Donna,D,Santa Barbara County Superior Court
Geffon,Eric,S,Santa Clara County Superior Court
Gelfound,David,B,Los Angeles County Superior Court
George,Stephanie,None,Orange County Superior Court
George,Virginia,None,Contra Costa County Superior Court
Gerard,Jennifer,None,Riverside County Superior Court
Gerard,Robert,None,Orange County Superior Court
Getty,Wendy,G,Solano County Superior Court
Gevercer,Steven,M,Sacramento County Superior Court
Gibbons,Danielle,None,Los Angeles County Superior Court
Gibson,Gary,G,Shasta County Superior Court
Gilbert,Arthur,None,"Court of Appeal, Second District"
Gilbertson,Rene,C,Los Angeles County Superior Court
Gill,David,M,San Diego County Superior Court
Gill,Susan,M,Kern County Superior Court
Gilleece,Michelle,None,San Bernardino County Superior Court
Gilliard,Maryanne,G,Sacramento County Superior Court
Gilmore,Kerri,M.,Tulare County Superior Court
Gini,Eugene,S,Placer County Superior Court
Giorgi,Loretta,M,San Francisco County Superior Court
Giuliani,Jennifer,A,Kings County Superior Court
Givens,Debra,L,Yuba County Superior Court
Giza,Alexander,C.,Los Angeles County Superior Court
Gizzi,L. Stephen,None,Solano County Superior Court
Glazier,Thomas,A,Orange County Superior Court
Gleason,Colleen,None,Contra Costa County Superior Court
Gnoss,Kenneth,J,Sonoma County Superior Court
Goethals,Thomas,M,"Court of Appeal, Fourth District"
Gogo,Johnny,None,Santa Clara County Superior Court
Gold,Cary,None,San Francisco County Superior Court
Goldman,Jeremy,Michael,"Court of Appeal, First District"
Goldstein,Daniel,B,San Diego County Superior Court
Goldstein,David,e,Contra Costa County Superior Court
Gomez,Danette,J,Los Angeles County Superior Court
Gomez,Gus,None,Los Angeles County Superior Court
Gonzalez,Liliana,None,Los Angeles County Superior Court
Gonzalez Lomeli,George,R,Los Angeles County Superior Court
Gooding,Martha,K,Orange County Superior Court
Goodkin,Robert,None,Orange County Superior Court
Goodman,Diane,None,Los Angeles County Superior Court
Goorvitch,Stephen,I,Los Angeles County Superior Court
Gordon,Beatriz,M,Orange County Superior Court
Gorelick,Walter,None,Tulare County Superior Court
Goswami,Rupa,S,Los Angeles County Superior Court
Gottlieb,David,A,Fresno County Superior Court
Goul,Richard,M,Los Angeles County Superior Court
Gould-Saltman,Dianna,J,Los Angeles County Superior Court
Govea,Sonia,None,Los Angeles County Superior Court
Grandsaert,John,L,San Mateo County Superior Court
Green,Kenneth R.,None,Kern County Superior Court
Green,Susan,E,Sutter County Superior Court
Greenberg,Susan,L,San Mateo County Superior Court
Greene,Carol,None,Riverside County Superior Court
Greenwood,Mary,J,"Court of Appeal, Sixth District"
Griego,Tom,None,Los Angeles County Superior Court
Griffin,Craig,L,Orange County Superior Court
Grillo,Evelio,M,Alameda County Superior Court
Grimes,Elizabeth,A.,"Court of Appeal, Second District"
Groban,Joshua,None,Supreme Court of California
Groch,Michael,S,San Diego County Superior Court
Groman,Donna,None,Los Angeles County Superior Court
Gross,Marc,D,Los Angeles County Superior Court
Grover,Adrienne,M.,"Court of Appeal, Sixth District"
Guasco,Matthew,P,Ventura County Superior Court
Guerra,Amy,Katherine,Fresno County Superior Court
Guerrero,Matthew,None,San Luis Obispo County Superior Court
Guillemet,Kimberley,B,Los Angeles County Superior Court
Gullon,Christian,R,Los Angeles County Superior Court
Gutierrez,Carlos,R,Solano County Superior Court
Gutierrez,Hector,E,Los Angeles County Superior Court
Guy,Denine,J,Santa Cruz County Superior Court
Guy Castillo,Erin,None,San Joaquin County Superior Court
Guzman,Hector,M,Los Angeles County Superior Court
Gweon,Helena,R,Sacramento County Superior Court
Haakenson,Paul,M,Marin County Superior Court
Haehnle,Garry,G,San Diego County Superior Court
Hahn,James,K,Los Angeles County Superior Court
Haines,Charles,F,San Francisco County Superior Court
Hall,Henry,J,Los Angeles County Superior Court
Hall,Tamara,E,Los Angeles County Superior Court
Hallahan,Maureen,F,San Diego County Superior Court
Hamilton Jr.,Jeff,Y,Fresno County Superior Court
Hammock,Randolph,M,Los Angeles County Superior Court
Hammond,Melissa,None,Los Angeles County Superior Court
Hanasono,Mark,K,Los Angeles County Superior Court
Hancock,Holly,Lynn,Los Angeles County Superior Court
Hanna,Sylvia,Joseph,Tulare County Superior Court
Hansell,Dean,H,Los Angeles County Superior Court
Hansen,Kelly,L,Riverside County Superior Court
Hanson,Sheila,F,Orange County Superior Court
Hardie,Rebecca,C,Contra Costa County Superior Court
Hare,Patrick,Earl,Los Angeles County Superior Court
Harmon,Christopher,B,Riverside County Superior Court
Harmon,Eric,P,Los Angeles County Superior Court
Harper,Michael,B,Trinity County Superior Court
Harrell,Arlan,L,Fresno County Superior Court
Harrell III,Alvin,M,Fresno County Superior Court
Harris,Debra,None,San Bernardino County Superior Court
Harris,Matthew,S,Santa Clara County Superior Court
Harrison,Robert,S,Los Angeles County Superior Court
Harry,Shanda,None,Lake County Superior Court
Harutunian III,Albert,T,San Diego County Superior Court
Harwin,Michael,None,Los Angeles County Superior Court
Haskins,Kevin,J,Orange County Superior Court
Hatchimonji,Douglas,None,Orange County Superior Court
Hawk,Robert,None,Santa Clara County Superior Court
Hayashi,Dennis,W,Alameda County Superior Court
Hayashi,RobertaAnn,K,Santa Clara County Superior Court
Hayes,Jonathan,None,Sacramento County Superior Court
Haynes,Brian,F,Contra Costa County Superior Court
Haynes,Marcelita,V,Los Angeles County Superior Court
Healy,Daniel,J,Solano County Superior Court
Healy,Nicole,None,San Mateo County Superior Court
Healy,Timothy,S,Calaveras County Superior Court
Heckman,Sarah,H,Sutter County Superior Court
Heeseman,Nicole,M,Los Angeles County Superior Court
Heidel,Sarah,None,Los Angeles County Superior Court
Heidelberger,Candace,S,Nevada County Superior Court
Hein,Paige,None,Sonoma County Superior Court
Heithecker,Philip,H,Butte County Superior Court
Helton,Sabina,A.,Los Angeles County Superior Court
Hendrickson,Cindy,Seeley,Santa Clara County Superior Court
Henson,Carol,L,Orange County Superior Court
Herbert,Paul,D,Alameda County Superior Court
Herin,Scott,None,Los Angeles County Superior Court
Hermanson,John,S,Amador County Superior Court
Hernandez,Alma,Manuela,Orange County Superior Court
Hernandez,Jorge,C,Riverside County Superior Court
Hernandez,Maria,D,Orange County Superior Court
Hernandez,Peter,A,Los Angeles County Superior Court
Hernandez-Stern,Benjamin,None,Los Angeles County Superior Court
Herrera,Cynthia,M,Orange County Superior Court
Herriford,David,V,Los Angeles County Superior Court
Herscovitz,Martin,L,Los Angeles County Superior Court
Heryford,Eric,L,Trinity County Superior Court
Hesseltine,David,J,Orange County Superior Court
Hester,Kristi,Elise,Riverside County Superior Court
Highberger,William,F,Los Angeles County Superior Court
Hilde,Janet,A,Plumas County Superior Court
Hill,Brad,R,"Court of Appeal, Fifth District"
Hill,Christina,L,Los Angeles County Superior Court
Hill,Deirdre,None,Los Angeles County Superior Court
Hill,Elizabeth,M,San Mateo County Superior Court
"Hill, Jr.",Charlie,None,San Bernardino County Superior Court
Hillman,Bret,D,Tulare County Superior Court
Hing,Stuart,L,Alameda County Superior Court
Hinrichs,Joyce,None,Humboldt County Superior Court
Hinton,Barbara,C,Contra Costa County Superior Court
Hippach,Denise,None,Santa Barbara County Superior Court
Hiramoto,Joni,None,Contra Costa County Superior Court
Hirashima,Trisha,Jade,Placer County Superior Court
Hiroshige,Ernest,M,Los Angeles County Superior Court
Hirsch,David,M,Ventura County Superior Court
Hite,Christopher,C,San Francisco County Superior Court
Hizami,David,E,Los Angeles County Superior Court
Hobbs,Lynne,M,Los Angeles County Superior Court
Hofer,Ralph,C,Los Angeles County Superior Court
Hoffer,David,A,Orange County Superior Court
Hoffstadt,Brian,M,"Court of Appeal, Second District"
Hollenhorst,Timothy,J,Riverside County Superior Court
Hollingsworth Armstrong,Donna,None,Los Angeles County Superior Court
Holly,Carter,P,San Joaquin County Superior Court
Holt,Rachel,E,San Mateo County Superior Court
Honer,Sherri,L,Orange County Superior Court
Honeycutt,Alan,B,Los Angeles County Superior Court
Honigsberg,Christopher,M,Sonoma County Superior Court
Hood,Mark,E,Monterey County Superior Court
Hopp,Harold,W,Riverside County Superior Court
Horan,James,E,Los Angeles County Superior Court
"Horn, Jr.",H. Chester,None,Los Angeles County Superior Court
Horst,Garen,J,Placer County Superior Court
Hosking,James,J,San Bernardino County Superior Court
Houska,Maureen,M,Ventura County Superior Court
Howard,Geoffrey,M,Marin County Superior Court
Howard,Theodore,R,Orange County Superior Court
Hoyt,Seth,R,San Joaquin County Superior Court
Hubbard,Kim,R,Orange County Superior Court
Hudson,Altus,W,Los Angeles County Superior Court
Huffman,Richard,D,"Court of Appeal, Fourth District"
Hull Jr.,Harry,E,"Court of Appeal, Third District"
Hulsey,Stephanie,E,Monterey County Superior Court
Humes,James,M,"Court of Appeal, First District"
Humphrey,Colette,M,Kern County Superior Court
Hunter,Eleanor,J,Los Angeles County Superior Court
Hunter,Patricia,A.,Los Angeles County Superior Court
Hurwitz,Lon,F,Orange County Superior Court
Hutson,Cara,D,San Bernardino County Superior Court
Hwang,Anne,None,Los Angeles County Superior Court
Hwang,Victor,M,San Francisco County Superior Court
Ialeggio,Michelle,None,San Diego County Superior Court
Ibarra,Audra,None,Santa Clara County Superior Court
Ide,Nathan,D,Tulare County Superior Court
Idiart,Michael,G,Fresno County Superior Court
Igra,Michelle,Devorah,Sacramento County Superior Court
Ing,John,H,Los Angeles County Superior Court
Inumerable,Ferdinand,None,Ventura County Superior Court
Iravani-Sani,Nahal,None,Santa Clara County Superior Court
Irby,Todd,D.,Placer County Superior Court
Irion,Joan,K,"Court of Appeal, Fourth District"
Isger,Nicole,None,Santa Clara County Superior Court
Israels,Valli,K,Stanislaus County Superior Court
Ito,Roger,T,Los Angeles County Superior Court
Iwasaki,Bruce,G,Los Angeles County Superior Court
Jacke II,Hurdle,C,Los Angeles County Superior Court
jackson,Jeffrey,None,San Mateo County Superior Court
Jackson,Jacqueline,C,Riverside County Superior Court
Jackson,Scott,None,Alameda County Superior Court
Jackson,Teri,L,"Court of Appeal, First District"
Jacobs,Lillian,V,Los Angeles County Superior Court
Jacobson,Morris,D,Alameda County Superior Court
Jacot,Lance,Gabriel,San Joaquin County Superior Court
Jakubowski,Susan,M,San Mateo County Superior Court
James,Tara,K,Tulare County Superior Court
Jamieson,Stephanie,L,Merced County Superior Court
Jaskol,Lisa,R,Los Angeles County Superior Court
Jefferson,Jared,Allan,Monterey County Superior Court
Jenkins,Martin,J,Supreme Court of California
Jensen,Lance,P,Orange County Superior Court
Jesic,Michael,V,Los Angeles County Superior Court
Jessner,Samantha,P,Los Angeles County Superior Court
Jimenez,Augustin,R.,Sacramento County Superior Court
Johnson,Derek,G,Orange County Superior Court
Johnson,Gary,M,Tulare County Superior Court
Johnson,Joann,None,Ventura County Superior Court
Johnson,Mark,E,Riverside County Superior Court
Jones,Alesia,F,Solano County Superior Court
Jones,Heather,M,Fresno County Superior Court
Jones,Jeffrey,None,Imperial County Superior Court
Jones,Joscelyn,None,Alameda County Superior Court
Jones,Michael,W,Placer County Superior Court
Jones,Stephanie,G,Solano County Superior Court
Jones Dickson,Ursula,None,Alameda County Superior Court
Jordan,Beth,None,Marin County Superior Court
Joseph,Jeannie,M,Orange County Superior Court
Juarez,Daniel,None,Los Angeles County Superior Court
Juhas,Mark,A,Los Angeles County Superior Court
Jurado,Ray,G,Los Angeles County Superior Court
Jurkovich,Michael,J,Madera County Superior Court
Kaddo,James,A,Los Angeles County Superior Court
Kalemkarian,David,C,Fresno County Superior Court
Kalemkiarian,Sharon,None,San Diego County Superior Court
Kalra,Upinder,S,Los Angeles County Superior Court
Kam,Timmy,P,Solano County Superior Court
Kang,Joseph,None,Orange County Superior Court
Kanter,Rebecca,S.,San Diego County Superior Court
Kapetan,Kristi,C,Fresno County Superior Court
Karesh,Jonathan,E,San Mateo County Superior Court
Karnow,Curtis E.,A,San Francisco County Superior Court
Kato,Warren,None,Los Angeles County Superior Court
Katz,Aaron,H,San Diego County Superior Court
Katz,Keri,G,San Diego County Superior Court
Kauffman,Jeffrey,C,Solano County Superior Court
Kaufman,Shelley,L,Los Angeles County Superior Court
Kaus,Stephen,D,Alameda County Superior Court
Kaye,Ronald,None,Los Angeles County Superior Court
Kazadi,Michelle,L,Los Angeles County Superior Court
Kearney,Robert,J,San Diego County Superior Court
Keen,Eric,A,Riverside County Superior Court
Keeny,Christy,V,Los Angeles County Superior Court
Keh,Winston,S,San Bernardino County Superior Court
Keilani,Nadia,None,San Diego County Superior Court
Keithley,Clare,None,Butte County Superior Court
Kelley,Kelly,None,Los Angeles County Superior Court
Kelley,Michael,Cornell,Los Angeles County Superior Court
Kelley Jr.,James,A,Fresno County Superior Court
Kelly,Kathleen,A,San Francisco County Superior Court
Kelly,Mary,E.,Los Angeles County Superior Court
Kelly,Michael,M,Orange County Superior Court
Kelly,Patricia,L,Santa Barbara County Superior Court
Kemalyan,Richard,S,Los Angeles County Superior Court
Kendall,Andrew,None,Kern County Superior Court
Kennedy,John,W,Contra Costa County Superior Court
Keosian,Gregory,None,Los Angeles County Superior Court
Kerlin,Karla,D,Los Angeles County Superior Court
Kersey,Cheryl,C,San Bernardino County Superior Court
Kiefer,Elaine,M,Riverside County Superior Court
Kiel,Jay,Kirston,Riverside County Superior Court
Killefer,Gail,None,Los Angeles County Superior Court
Killoran,Lawrence,M,Humboldt County Superior Court
Kim,Andrew,C,Los Angeles County Superior Court
Kim,Dorothy,C,"Court of Appeal, Second District"
Kim,Esther,None,Los Angeles County Superior Court
Kim,Gia,None,Los Angeles County Superior Court
Kim,Hyun-Joon,Glenn,Contra Costa County Superior Court
Kim,Lana,None,Los Angeles County Superior Court
Kim,Mark,C,Los Angeles County Superior Court
Kim,Michelle,C,Los Angeles County Superior Court
Kin,Curtis,A,Los Angeles County Superior Court
King,Richard,M,Orange County Superior Court
Kirk,Kristi,Dawn,Riverside County Superior Court
Kirschner,Richard,H,Los Angeles County Superior Court
Kirvin,Evan,P,San Diego County Superior Court
Kirwan,Peter,H,Santa Clara County Superior Court
Kitchens,Dean,None,Los Angeles County Superior Court
Klatchko,Kira,None,Riverside County Superior Court
Klippen,Nona,L,Santa Clara County Superior Court
Knight,Joshua,None,Riverside County Superior Court
Knight,Shannon,L,Los Angeles County Superior Court
Knill,Kimberly,None,Orange County Superior Court
Knish,Michael,A,San Bernardino County Superior Court
Knox,Robert,A,Orange County Superior Court
Kolakowski,Victoria,S,Alameda County Superior Court
Koosed,Charles,J,Riverside County Superior Court
Korn,Renee',F,Los Angeles County Superior Court
Kralik,John,J,Los Angeles County Superior Court
Krause,Peter,A.,"Court of Appeal, Third District"
Kreber Varipapa,Mary,None,Orange County Superior Court
Krieg,Laura,L,Tuolumne County Superior Court
Kronlund,Barbara,None,San Joaquin County Superior Court
Kronstadt,Jessica,None,Los Angeles County Superior Court
Krueger,Christopher,E,Sacramento County Superior Court
Kruger,Leondra,R,Supreme Court of California
Kubelun,Walter,H,Riverside County Superior Court
Kuhl,Carolyn,B,Los Angeles County Superior Court
Kuhnle,Thomas,E,Santa Clara County Superior Court
Kulkarni,Sunil,R,Santa Clara County Superior Court
Kumar,Sanjay,T,Los Angeles County Superior Court
Kuns,Kay,Susanne,Santa Barbara County Superior Court
Kwan,Ruth,A,Los Angeles County Superior Court
Laesecke,Laura,None,Los Angeles County Superior Court
Lafferty,Sean,P,Riverside County Superior Court
LaForge,Robert,M,Sonoma County Superior Court
LaForteza,Bernie,C,Los Angeles County Superior Court
Lagotta,Kimberlee,A,San Diego County Superior Court
Lamborn,Daniel,G,San Diego County Superior Court
Landau,Leslie,G,Contra Costa County Superior Court
Langhorne,Monique,S,Napa County Superior Court
Larsh,Erick,None,Orange County Superior Court
Lasater,Melinda,J,San Diego County Superior Court
Lau,Stephen,None,Sacramento County Superior Court
Lavayen,Gustavo,E,Santa Barbara County Superior Court
Lavin,Luis,A,"Court of Appeal, Second District"
Lavorato,Sam,None,Monterey County Superior Court
Lawrence,John,None,Siskiyou County Superior Court
Lawson II,John,C,Los Angeles County Superior Court
Leal,Sandy,N,Orange County Superior Court
Lee,Amarra,A.,San Mateo County Superior Court
Lee,Charles,J,Fresno County Superior Court
Lee,Corey,G,San Bernardino County Superior Court
Lee,Cynthia,None,San Francisco County Superior Court
Lee,Elizabeth,K,San Mateo County Superior Court
Lee,Eumi,K.,Alameda County Superior Court
Lee,Jayne,None,San Joaquin County Superior Court
Lee,Jennifer,None,Contra Costa County Superior Court
Lee,Jo-Lynne,Q,Alameda County Superior Court
Lee,Richard,Y,Orange County Superior Court
Leedy,Nathan,G,Tulare County Superior Court
Lehman,William,D,Imperial County Superior Court
Leis,Colin,P,Los Angeles County Superior Court
Leiter,Maurice,A,Los Angeles County Superior Court
LeMon,Leanne,L,Fresno County Superior Court
Lench,Lisa,B,Los Angeles County Superior Court
Leo,Nancy,A,Stanislaus County Superior Court
Lepe-Negrete,Monica,None,Imperial County Superior Court
Levanas,Michael,I,Los Angeles County Superior Court
Leversen,Michael,None,Orange County Superior Court
Levy,Herbert,I,"Court of Appeal, Fifth District"
Lewis,Alyson,L,Sacramento County Superior Court
Lewis,Jacqueline,H,Los Angeles County Superior Court
Lewis,Katherine,E,Orange County Superior Court
Lewis,Kathleen,M,San Diego County Superior Court
Lewis,Terrance,T,Los Angeles County Superior Court
Libutti,Michael,None,San Bernardino County Superior Court
LiCalsi,Ernest,J,Madera County Superior Court
Lichtblau,Sheila,None,Marin County Superior Court
Lie,Cynthia,C,"Court of Appeal, Sixth District"
Lief,Michael,S,Ventura County Superior Court
Lin,Rita,None,San Francisco County Superior Court
Lindquist,Kristina,B.,Sacramento County Superior Court
Linfield,Michael,P,Los Angeles County Superior Court
Link,Daniel,F,San Diego County Superior Court
Linville,Thomas,J.,Siskiyou County Superior Court
Lipner,Joseph,M,Los Angeles County Superior Court
Liu,Andrew,G,Monterey County Superior Court
Liu,Goodwin,H,Supreme Court of California
Llamas Jr.,Pelayo,Antonio,Alameda County Superior Court
Lo,Paul,C,Merced County Superior Court
Lo,Thomas,None,Orange County Superior Court
Lobre,Deborah,Denise,Sacramento County Superior Court
Lofthus,Linda,L,San Joaquin County Superior Court
Lofton,Joel,L,Los Angeles County Superior Court
Lofton,Lauren,None,Los Angeles County Superior Court
London,Brett,None,Orange County Superior Court
Lonergan,John,J,Los Angeles County Superior Court
Long,Thomas,D,Los Angeles County Superior Court
Longoria,Roberto,None,Los Angeles County Superior Court
Longstreth,Robert,C,San Diego County Superior Court
Lopez,Adelaida,None,San Diego County Superior Court
Lor,Pahoua,C,Fresno County Superior Court
Lord,John,D,Los Angeles County Superior Court
Losnick,Debra,None,Los Angeles County Superior Court
Lough,Natalie,M.,Riverside County Superior Court
Louie,Chad,A,Kern County Superior Court
Lowenthal,Daniel,J,Los Angeles County Superior Court
Loza,Hugo,None,Tulare County Superior Court
Lu,Elaine,None,Los Angeles County Superior Court
Lua,John,W,Kern County Superior Court
Lucaccini,Anthony,None,San Joaquin County Superior Court
Lucena,Kristen,A,Butte County Superior Court
Luege,Carmen,None,Orange County Superior Court
Lugo,Carolina,None,Los Angeles County Superior Court
Lui,Christopher,K,Los Angeles County Superior Court
Lui,Elwood,G,"Court of Appeal, Second District"
Luna,Ana,M,Los Angeles County Superior Court
Luna,Irene,A,Fresno County Superior Court
Lunas,Michael,S,Lake County Superior Court
Lund,Roger,L,Ventura County Superior Court
Lynch,Peter,A.,San Diego County Superior Court
Lyons,Melissa,C.,Los Angeles County Superior Court
Maas III,Earl,H,San Diego County Superior Court
Macaulay,Juliet,O,Orange County Superior Court
Macias,Elizabeth,G,Orange County Superior Court
Mackenzie,Alison,Margaret,Los Angeles County Superior Court
Mackey,Malcolm,None,Los Angeles County Superior Court
Madden,Jennifer,None,Alameda County Superior Court
Madden,Patrick,T,Los Angeles County Superior Court
Magit,Mark,G,Mono County Superior Court
Magno,Godofredo,None,Riverside County Superior Court
Magno,Teresa,None,Los Angeles County Superior Court
Maguire,Daniel,P,Yolo County Superior Court
Maguire,Frederick,None,San Diego County Superior Court
Maier,Clare,None,Contra Costa County Superior Court
Maino,Runston,G,San Diego County Superior Court
Malan,Derek,None,Ventura County Superior Court
Mallery,Tony,R,Lassen County Superior Court
Mallett,Richard,None,San Joaquin County Superior Court
Malone,Steven,C,San Bernardino County Superior Court
Mandio,Mark,A,Riverside County Superior Court
Mangano,Robert,G,Fresno County Superior Court
Mangar,Jeffrey,Wayne,Stanislaus County Superior Court
Mangione,James,A,San Diego County Superior Court
Manley,Stephen,V,Santa Clara County Superior Court
Mann,Douglas,None,San Bernardino County Superior Court
Manoukian,Socrates,P,Santa Clara County Superior Court
Manssourian,Andre,None,Orange County Superior Court
Mapes,Steven,A,San Bernardino County Superior Court
Marcus,Stephen,A,Los Angeles County Superior Court
Margulies,Sandra,L,"Court of Appeal, First District"
Marino,Jesse,J,San Luis Obispo County Superior Court
Markham,Jeffrey,David,Lake County Superior Court
Markman,Michael,M,Alameda County Superior Court
Marks,Linda,S,Orange County Superior Court
Marquez,Leonard,None,Contra Costa County Superior Court
Marquez-Britsch,Raquel,A,Riverside County Superior Court
Marshack,Adrianne,E,Orange County Superior Court
Marshak,Jerry,B.,Los Angeles County Superior Court
Martin,Lia,R,Los Angeles County Superior Court
Martin,Tilisha,T,San Diego County Superior Court
Martinez,Alexander,R,San Bernardino County Superior Court
Martinez,Lindsey,E,Orange County Superior Court
Martinez,Victor,D,Los Angeles County Superior Court
Massullo,Anne-Christine,T,San Francisco County Superior Court
Mathewson,Kory,None,San Bernardino County Superior Court
Mathias,David,C,Tulare County Superior Court
Mathis,Michele,None,Riverside County Superior Court
Matsumoto,Alison,S.,Los Angeles County Superior Court
Matthews,Martha,A,Los Angeles County Superior Court
Mauro,Louis,R,"Court of Appeal, Third District"
Mavis,Darrell,None,Los Angeles County Superior Court
Maxwell,Pauline,None,Santa Barbara County Superior Court
May,Gus,None,Los Angeles County Superior Court
Mayberry,Leanne,None,El Dorado County Superior Court
Mayfield,Cindee,None,Mendocino County Superior Court
Mayne,John,R,Stanislaus County Superior Court
Mazurek,John,D,San Bernardino County Superior Court
McCabe,Brian,L,Merced County Superior Court
McCann,Bridgid,M,San Bernardino County Superior Court
McCannon,Mark,A,Alameda County Superior Court
McCarthy,Laura,None,Sonoma County Superior Court
McCarville,Brian,None,San Bernardino County Superior Court
McConnell,Judith,None,"Court of Appeal, Fourth District"
McConville,Thomas,None,Orange County Superior Court
McCormick,Kevin,J,Sacramento County Superior Court
McCormick,Melissa,R,Orange County Superior Court
McCoy,LaRonda,J,Los Angeles County Superior Court
McCoy,Lilys,D,San Diego County Superior Court
McCracken,Joanne,None,Santa Clara County Superior Court
McElfresh,Donald,D,Del Norte County Superior Court
McFadden,Linda,A,Stanislaus County Superior Court
McFetridge,James,E,Sacramento County Superior Court
McGlynn,Matthew,C,Tehama County Superior Court
McGonigle,Theresa,None,Los Angeles County Superior Court
McGowen,Beth,A,Santa Clara County Superior Court
McGreevy,Steve,None,Orange County Superior Court
McGregor,John,F,Santa Barbara County Superior Court
McGuiness,Robert,D,Alameda County Superior Court
McKaig,Ronda,None,Ventura County Superior Court
McKay,Patti,J,Los Angeles County Superior Court
McKee,Monique,D,Shasta County Superior Court
McKinney,Patrick,R.,Alameda County Superior Court
McKinster,Art,Wilkie,"Court of Appeal, Fourth District"
McLaughlin,Dorothy,None,Riverside County Superior Court
McLaughlin,Marcella,None,San Diego County Superior Court
McLaughlin,Michael,J.,El Dorado County Superior Court
McLaughlin,Pennie,K,San Diego County Superior Court
McLaughlin-Bennett,Denise,None,Los Angeles County Superior Court
McNamara,Brian,M,Kern County Superior Court
McNaughton,Michael,None,San Francisco County Superior Court
Medel,Kenneth,J,San Diego County Superior Court
Meehan,Kathleen,A.,"Court of Appeal, Fifth District"
Meiers,Barbara,A,Los Angeles County Superior Court
Meltzer,Abraham,Chuichi,Los Angeles County Superior Court
Melzer,Layne,None,Orange County Superior Court
Menetrez,Frank,J,"Court of Appeal, Fourth District"
Mennemeier,Kenneth,C,Sacramento County Superior Court
Menninger,Kimberly,K,Orange County Superior Court
Merrifield,Kimberly,J,Butte County Superior Court
Merritt,Hilleri,G,Los Angeles County Superior Court
Meyer,Judith,None,Los Angeles County Superior Court
Meyer,Richard,D,Alpine County Superior Court
Micon,Gary,None,Los Angeles County Superior Court
Miller,Douglas,P,"Court of Appeal, Fourth District"
Miller,Laura,None,San Diego County Superior Court
Miller,Marla,J,"Court of Appeal, First District"
Miller-Sloan,Robin,M,Los Angeles County Superior Court
Millington,Scott,T,Los Angeles County Superior Court
Mims-Cochran,Toni,None,Alameda County Superior Court
Mineta,Elisabeth,K,Monterey County Superior Court
Mirich,Peter,J,Los Angeles County Superior Court
Mitchell,Craig,J,Los Angeles County Superior Court
Mitchell,Daviann,L,Los Angeles County Superior Court
Mittal,Vibhav,None,Orange County Superior Court
Mize,James,M,Sacramento County Superior Court
Mockler,Terri,A,Contra Costa County Superior Court
Mody,CJ,None,San Diego County Superior Court
Mohun,Gerald,F.,Mono County Superior Court
Mok,Kelly,C,San Diego County Superior Court
Molloy,John,D,Riverside County Superior Court
Monahan,William,J,Santa Clara County Superior Court
Monguia,Enrique,None,Los Angeles County Superior Court
Monroy,Richard,R,San Diego County Superior Court
Montalban,Adan,None,Los Angeles County Superior Court
Monterosso,John,M,Riverside County Superior Court
Montes De Oca,Raimundo,J,Santa Barbara County Superior Court
Moody,Ross,C,San Francisco County Superior Court
Moor,Carl,H,"Court of Appeal, Second District"
Moore,Eileen,None,"Court of Appeal, Fourth District"
Moore,Russell,L,Riverside County Superior Court
Moorman,Ann,C,Mendocino County Superior Court
Morales,Alejandro,None,San Diego County Superior Court
Moreno Myers,Marie,None,San Bernardino County Superior Court
Moreton Jr.,Edward,B,Los Angeles County Superior Court
Morga,Maria,Jesus,Alameda County Superior Court
Morgan,Stephen,Thomas,Los Angeles County Superior Court
Moring,Dwayne,K,San Diego County Superior Court
Morris,Christopher,S.,San Diego County Superior Court
Morton,Miriam,I,San Bernardino County Superior Court
Mosbarger,Tamara,L,Butte County Superior Court
Moses,Jared,D,Los Angeles County Superior Court
Moskowitz,Karen,None,Los Angeles County Superior Court
Motoike,Joanne,None,"Court of Appeal, Fourth District"
Mudryk,Andi,None,Sacramento County Superior Court
Mulvihill,Michael,J,San Joaquin County Superior Court
Mumford,Marcus,Lamonte,Stanislaus County Superior Court
Murillo,Serena,R,Los Angeles County Superior Court
Murillo,Tiana,None,Los Angeles County Superior Court
Murphy,Cheryl,C,Riverside County Superior Court
Murphy,Daniel,S,Los Angeles County Superior Court
Murphy,Kevin,R,Alameda County Superior Court
Murphy,Mary Ann,None,Los Angeles County Superior Court
Murphy,Patricia,M,Ventura County Superior Court
Murphy,Stephen,M,San Francisco County Superior Court
Murray,Michael,None,Orange County Superior Court
Murray,Peter,Francis,San Diego County Superior Court
Nadel,Jeanine,B,Mendocino County Superior Court
Nader,Tim,J,San Diego County Superior Court
Najera,Carol,J,Los Angeles County Superior Court
Nareau,Mark,R,Lassen County Superior Court
Navarro,Angel,None,Los Angeles County Superior Court
Navarro,Francisco,Javier,Riverside County Superior Court
Navarro,Karlene,M.,Sonoma County Superior Court
Navarro,Valerie,Ann,Riverside County Superior Court
Neal,Reginald,Lamont,Los Angeles County Superior Court
Neel,Kelly,None,Humboldt County Superior Court
Negin,Stephanie,L.,Fresno County Superior Court
Nellon,Cherol,J,Los Angeles County Superior Court
Nelson,Jean,M.,Los Angeles County Superior Court
Nelson,Maren,E,Los Angeles County Superior Court
Nelson,Robert,Shawn,Orange County Superior Court
Nemat,Mona,None,Riverside County Superior Court
Newman,Tara,None,Los Angeles County Superior Court
Nguyen,Kim,L,Los Angeles County Superior Court
Nichols,Colleen,None,Placer County Superior Court
Nishigaya,Daniel,T,Santa Clara County Superior Court
Nishimoto,Cary,None,Los Angeles County Superior Court
Nixon,Thomas,J,Alameda County Superior Court
Norris,Christie,None,Kern County Superior Court
Northup,Ronald,A,San Joaquin County Superior Court
Novak,Lisa,A,San Mateo County Superior Court
Nunez,Marco,Daniel,Imperial County Superior Court
Nur,Rubiya,None,Los Angeles County Superior Court
Nystrom-Geist,Kimberly,J,Fresno County Superior Court
Ocampo,Ricardo,R,Los Angeles County Superior Court
Ochoa,Gilbert,G,San Bernardino County Superior Court
Oglesby,John,None,Kern County Superior Court
Ohta,Sam,None,Los Angeles County Superior Court
Oldendorf,Margaret,L,Los Angeles County Superior Court
Oliver,Euketa,None,San Diego County Superior Court
Olivera,Elizabeth,U,Colusa County Superior Court
Olmedo,Charlaine,F,Los Angeles County Superior Court
Olson,Gregory,J,Riverside County Superior Court
Olson,Lynn,D,Los Angeles County Superior Court
Ong,Tomson,None,Los Angeles County Superior Court
Onishi,Rei,Robert,Sacramento County Superior Court
Orcutt,Charlotte,J,San Joaquin County Superior Court
Organ-Bowles,Tiffany,None,Kern County Superior Court
Ornell,Lawrence,E,Sonoma County Superior Court
Oros,Delbert,None,Sacramento County Superior Court
Orozco,Gary,R,Fresno County Superior Court
Ortiz,Elia,None,Napa County Superior Court
Ortiz,Joseph,None,San Bernardino County Superior Court
Ostiller,Cathy,None,Los Angeles County Superior Court
Ottenweller,Peter,K,Sonoma County Superior Court
Otto,James,D,Los Angeles County Superior Court
Ottolia,Daniel,A,Riverside County Superior Court
Overton,Carol,W,Santa Clara County Superior Court
Pace,Annemarie,G,San Bernardino County Superior Court
Pacheco,John,M,San Bernardino County Superior Court
Pacheco,Richard,E,Orange County Superior Court
Pacione,Lisa,None,Kern County Superior Court
Paer,Gary,None,Orange County Superior Court
Pal,Alexander,Jason,Sacramento County Superior Court
Palacios,Patrick,Kevin,San Benito County Superior Court
Palafox,Julie,None,Orange County Superior Court
Palazuelos,Yvette,M,Los Angeles County Superior Court
Pallone,Christopher,None,San Bernardino County Superior Court
Panetta,Carrie,M,Monterey County Superior Court
Pardo,Oscar,Amor,Sonoma County Superior Court
Park,Ann,H,Los Angeles County Superior Court
Parker,Pamela,M,San Diego County Superior Court
Parker,Perry,None,Sutter County Superior Court
Parsky,Laura,H,San Diego County Superior Court
Pastor,Michael,None,Los Angeles County Superior Court
Pastran Jr.,Armando,None,Alameda County Superior Court
Patton,Scott,D,Alameda County Superior Court
Paul,Kelley,None,Santa Clara County Superior Court
Peariso,Kristi,None,Ventura County Superior Court
Peel,Richard,V,San Bernardino County Superior Court
Pegg,Lori,E,Santa Clara County Superior Court
Pekin,Patrick,M,Mendocino County Superior Court
Pellman,Amy,M,Los Angeles County Superior Court
Pena Jr.,Rosendo,None,"Court of Appeal, Fifth District"
Pendergast,William,J,Solano County Superior Court
Penney,Jeffrey,S,Placer County Superior Court
Penny,Brenda,J,Los Angeles County Superior Court
Pennypacker,Evette,Dionna,Santa Clara County Superior Court
Perantoni,Matthew,C,Riverside County Superior Court
Pereda,David,None,Alameda County Superior Court
Perez,Javier,None,Los Angeles County Superior Court
Perez,Joe,T,Orange County Superior Court
Perez,Michael,E,Orange County Superior Court
Perluss,Dennis,M,"Court of Appeal, Second District"
Peron,Gayle,L,San Luis Obispo County Superior Court
Pesce,Jamie,None,El Dorado County Superior Court
Peters,Elaine Mandel,None,Los Angeles County Superior Court
Petersen,Mark,E,Riverside County Superior Court
Peterson,Elizabeth,C.,Santa Clara County Superior Court
Petrou,Ioana,None,"Court of Appeal, First District"
Pfahler,Stephen,P,Los Angeles County Superior Court
Pham,Cheri,None,Orange County Superior Court
Phillips,Bradley,None,Los Angeles County Superior Court
Pineschi,Alan,None,Placer County Superior Court
"Pippins, Jr.",Victor,N.,San Diego County Superior Court
Place,Stephen,Mark,Inyo County Superior Court
Plourd,Christopher,J,Imperial County Superior Court
Polk,Gary,L,Riverside County Superior Court
Pollack,Gregory,W,San Diego County Superior Court
Poncin,Lynn,M,San Bernardino County Superior Court
Poochigian,Charles,S,"Court of Appeal, Fifth District"
Popkins,Michael,J,San Diego County Superior Court
Porras,Joseph,R,Los Angeles County Superior Court
Powazek,Harry,L,San Diego County Superior Court
Powell,Michael,None,Los Angeles County Superior Court
Powell,Sherry,L,Los Angeles County Superior Court
Powell,William,J,San Bernardino County Superior Court
Pratt,Catherine,J,Los Angeles County Superior Court
Pritchard,Kenneth,G,Kern County Superior Court
Priver,Laura,F,Los Angeles County Superior Court
Pro,John,G.,San Diego County Superior Court
Proietti,Donald,J,Merced County Superior Court
Prouty,Douglas,M,Plumas County Superior Court
Puente-Porras,Maria,None,Los Angeles County Superior Court
Pulido,Stephen,M,Alameda County Superior Court
Pulliam,Joshlyn,Renee,Riverside County Superior Court
Pulos,Michael,None,San Diego County Superior Court
Pulskamp,Gregory,A.,Kern County Superior Court
Puri,Vedica,None,San Francisco County Superior Court
Quan,Wiliam,D,Imperial County Superior Court
Quinn,Joseph,M,San Francisco County Superior Court
Quinones,Connie,R,Los Angeles County Superior Court
Ralphs,Mark,A,El Dorado County Superior Court
Ramirez,Danielle,Y.,San Joaquin County Superior Court
Ramirez,Manuel,A,"Court of Appeal, Fourth District"
Ramirez,Nancy,A,Los Angeles County Superior Court
Ramos,Luis,M.,Santa Clara County Superior Court
Randle,Murlene,J,San Francisco County Superior Court
Raphael,Michael,J,"Court of Appeal, Fourth District"
Raphael,Tony,None,San Bernardino County Superior Court
Rappe,Curtis,None,Los Angeles County Superior Court
Rattu,Satnam,None,Sacramento County Superior Court
Reali-Ferrari,Daniela,None,San Diego County Superior Court
Reardon,Sharon,M,San Francisco County Superior Court
Reardon,Thomas,M,Alameda County Superior Court
Recana,Julian,C,Los Angeles County Superior Court
Recana,Mel,R,Los Angeles County Superior Court
Recio,Sheila,O,Orange County Superior Court
Reed,Melinda,None,Tulare County Superior Court
Rees,Annette,Elaine,Stanislaus County Superior Court
Reeves,Dawna,F,Stanislaus County Superior Court
Reilly,James,R,Alameda County Superior Court
Reinert,David,K.,Los Angeles County Superior Court
Reinhart,Michael,J,Kings County Superior Court
Renner,Jonathan,K,"Court of Appeal, Third District"
Revel,Marsha,N,Los Angeles County Superior Court
Reyes,Antonio,A,Tulare County Superior Court
Reyes II,Benjamin,T,Contra Costa County Superior Court
Reyna,Renee,Celeste,San Mateo County Superior Court
Rhoads,Michael,P.,San Francisco County Superior Court
Rhyne,Wade,M.,Contra Costa County Superior Court
Ricciardulli,Alex,None,Los Angeles County Superior Court
Rice,Stuart,M,Los Angeles County Superior Court
Richardson,Anne,K,Los Angeles County Superior Court
Richardson,Paul,K,Yolo County Superior Court
Richardson,Tony,L,Los Angeles County Superior Court
Richman,Craig,R,Los Angeles County Superior Court
Richman,James,A,"Court of Appeal, First District"
Riebli,Frank,None,Contra Costa County Superior Court
Riemer,Craig,G,Riverside County Superior Court
Riff,Lawence,P,Los Angeles County Superior Court
Rigali,James,None,Santa Barbara County Superior Court
Rigby,Katherine M,None,Madera County Superior Court
Rios,Dora,M,Solano County Superior Court
Rivamonte,Ian,A.,Monterey County Superior Court
Rizo,Susanne,None,Inyo County Superior Court
Robert Gordon,Alexandra,None,San Francisco County Superior Court
Roberts,Gary,None,Los Angeles County Superior Court
Roberts,Kathleen,E,Orange County Superior Court
Roberts,Terrie,E,San Diego County Superior Court
Roberts,Timothy,P,Monterey County Superior Court
Robie,Ronald,B,"Court of Appeal, Third District"
Robinson,Alana,Wong,San Diego County Superior Court
Robinson,Jay,H.,San Bernardino County Superior Court
Robinson,Karen L.,None,Orange County Superior Court
Rockwell,Jennifer,K,Sacramento County Superior Court
Rodrigo,Aruna,Priyadeva,San Bernardino County Superior Court
Rodriguez,Elizabet,None,Kern County Superior Court
Rodriguez,Gilbert,None,Los Angeles County Superior Court
Rodriguez,Jesus,A,Butte County Superior Court
Rodriguez,Jose,Omar,San Benito County Superior Court
Rodriguez,Lisa,R,San Diego County Superior Court
Rodriguez,Melissa,Anne,San Bernardino County Superior Court
Rodriguez,Victor,None,"Court of Appeal, First District"
Roeca,Russ,None,San Francisco County Superior Court
Roesch,Frank,None,Alameda County Superior Court
Rogan,James,E,Orange County Superior Court
Rogan,Lisa,M,San Bernardino County Superior Court
Roman,Gregorio,None,Los Angeles County Superior Court
Romero,Gilbert,A,Ventura County Superior Court
Rosales,Olivia,None,Los Angeles County Superior Court
Rosen,Anne-Marie,Sax,Santa Clara County Superior Court
Rosen,David,A,Los Angeles County Superior Court
Rosenberg,David,None,Yolo County Superior Court
Rosenberg,Kevin,S,Los Angeles County Superior Court
Rosenbloom,Jonathan,None,Los Angeles County Superior Court
Rosenstein,Paula,S,San Diego County Superior Court
Ross,Jeffrey,S,San Francisco County Superior Court
Rothschild,Frances,None,"Court of Appeal, Second District"
Rowe,Erin,None,Orange County Superior Court
Roxas,Adrian,None,Los Angeles County Superior Court
Rubin,Laurence,D,"Court of Appeal, Second District"
Rubinson,Thomas,None,Los Angeles County Superior Court
Rudy,Christopher,G,Santa Clara County Superior Court
Rushton,Michael,J,Riverside County Superior Court
Ryan,Adam,Blake,Shasta County Superior Court
Ryan,Summer,None,Shasta County Superior Court
Ryan,William,C,Los Angeles County Superior Court
Ryu,Tammy,C,Los Angeles County Superior Court
Saban,Panteha,None,Santa Clara County Superior Court
Sabo,Anthony,J,Ventura County Superior Court
Sachs,Michael,A,San Bernardino County Superior Court
Sadler,William,L,Los Angeles County Superior Court
Saito,Timothy,R,Los Angeles County Superior Court
Salkin,Valerie,None,Los Angeles County Superior Court
Salter,Glenn,R,Orange County Superior Court
Samuels,Shellie,L,Los Angeles County Superior Court
Sanchez,Deborah,L,Los Angeles County Superior Court
Sanchez,Maurice,None,"Court of Appeal, Fourth District"
Sanchez DuFour,Robert,None,Los Angeles County Superior Court
Sanders,David,M,Calaveras County Superior Court
Sanderson,Houry Alanjian,None,Fresno County Superior Court
Sandhu,Sonny,S.,Stanislaus County Superior Court
Sandoval,Gerardo,None,San Francisco County Superior Court
Sandvig,Melvin,D,Los Angeles County Superior Court
Santiso,Jannet,Perez,Los Angeles County Superior Court
Santos,Virna,L.,Fresno County Superior Court
Sato,Stephanie,None,Alameda County Superior Court
Sauceda,Amparo,V,Los Angeles County Superior Court
Sawtelle,Ernest,W,Sacramento County Superior Court
Scaduto,Lynn,None,Los Angeles County Superior Court
Scanlon,Patricia,M,Contra Costa County Superior Court
Scarbrough,Eric,D.,Orange County Superior Court
Scheper,Barbara,None,Los Angeles County Superior Court
Scherling,John,B,San Diego County Superior Court
Schmal,Timothy,J,Santa Cruz County Superior Court
Schneider,Alan,K,Los Angeles County Superior Court
Schneider Jr.,Wilfred,J,San Bernardino County Superior Court
Schuett,Stephen,D,Kern County Superior Court
Schulman,Ethan,P,San Francisco County Superior Court
Schwarm,Walter,P,Orange County Superior Court
Schwartz,Bernard,J,Riverside County Superior Court
Schwartz,Karin,S.,Alameda County Superior Court
Schwartz,Keith,L,Los Angeles County Superior Court
Schwarz,Shawna,M,Santa Clara County Superior Court
Scott,Nathan,R,Orange County Superior Court
Scott,Stuart,J,Santa Clara County Superior Court
Scrogin,Julia,L,Yuba County Superior Court
Scully,Elizabeth,None,Los Angeles County Superior Court
Seabolt,Richard,L,Alameda County Superior Court
Seave,Paul,L,Sacramento County Superior Court
Seeley,Scott,Edward,San Bernardino County Superior Court
Segal,John,L.,"Court of Appeal, Second District"
Segall,Wendy,E.,Los Angeles County Superior Court
Segura,Daniel,None,San Diego County Superior Court
Seibert,Kevin,M,Tuolumne County Superior Court
Seigle,Laura,A,Los Angeles County Superior Court
Sekany,Amy,None,Alameda County Superior Court
Seligman,Brad,None,Alameda County Superior Court
Seng,Jana,None,Los Angeles County Superior Court
Sepe-Wiesenfeld,Lisa,K,Los Angeles County Superior Court
Ser,Susan,None,Los Angeles County Superior Court
Serna,Robert,None,Los Angeles County Superior Court
Servino,Deborah,Chuang,Orange County Superior Court
Sevely,Cynthia,A,Santa Clara County Superior Court
Seymour,Shelly,A,Merced County Superior Court
Shaller,Frederick,C,Los Angeles County Superior Court
Shamoon,Polly,H,San Diego County Superior Court
Shanahan,Victoria,None,Mendocino County Superior Court
Sheibani,Saba,None,San Diego County Superior Court
Sheinbaum,Jordan,None,Santa Cruz County Superior Court
Shelton,Roderick,W,San Diego County Superior Court
Sherman,Randall,J,Orange County Superior Court
Shirk,Jennifer,None,Tulare County Superior Court
Shore,Howard,H,San Diego County Superior Court
Short,Michelle,S,Los Angeles County Superior Court
Shouka,Samah,None,Riverside County Superior Court
Shubin,Dorothy,L,Los Angeles County Superior Court
Shultz,Michael,J,Los Angeles County Superior Court
Siegel,Stephen,S,Santa Cruz County Superior Court
Silberman,Harvey,A,Los Angeles County Superior Court
Simmons,Kelly,A,Marin County Superior Court
Simonds,Dana,B,Sonoma County Superior Court
Simons,Mark,B,"Court of Appeal, First District"
Sinclair,Joni,I,San Bernardino County Superior Court
Sinfield,Lily,L,San Bernardino County Superior Court
Singerton,Mark,Edward,Riverside County Superior Court
Singley,Steven,J,San Bernardino County Superior Court
Sirna,Salvatore,T,Los Angeles County Superior Court
Sivilla-Jones,Rafael,A,Santa Clara County Superior Court
Skiles,Jonathan,M,Fresno County Superior Court
Skillern,Veronica,None,Alameda County Superior Court
Skillman,Jonathan,W,Tehama County Superior Court
Slocum,Steven,K.,Merced County Superior Court
Slough,Marsha,G,"Court of Appeal, Fourth District"
Sloven,Linda,J,Nevada County Superior Court
Small,Michael,C,Los Angeles County Superior Court
Smalling,Patrick,James,San Joaquin County Superior Court
Smerling,Terry,None,Los Angeles County Superior Court
Smiley,Charles,A,Alameda County Superior Court
Smith,Cynthia,P.,Napa County Superior Court
Smith,Emma,C,Riverside County Superior Court
Smith,J. Christopher,None,Los Angeles County Superior Court
Smith,Kawika,None,San Bernardino County Superior Court
Smith,M. Bruce,None,"Court of Appeal, Fifth District"
Smith,Spurgeon,E,Los Angeles County Superior Court
Smith,T.,Mark,Kern County Superior Court
Smyth,Michael,T,San Diego County Superior Court
Snauffer,Mark,W,"Court of Appeal, Fifth District"
Sokolov,Thomas,None,Los Angeles County Superior Court
Soldati,John,R,San Joaquin County Superior Court
Solga,Joseph,J.,Napa County Superior Court
Solorzano,Kathryn,A,Los Angeles County Superior Court
Sortino,Douglas,W,Los Angeles County Superior Court
Soto,Philip,L,Los Angeles County Superior Court
Souers,Scott,W,Alpine County Superior Court
Southworth,Peter,K.,Sacramento County Superior Court
Spain,Julia,None,Alameda County Superior Court
Spear,Emily,T.,Los Angeles County Superior Court
Speiller,Stacy,P,Stanislaus County Superior Court
Stainfield,Bryan,K,Kern County Superior Court
Stamen,Randall,S.,Riverside County Superior Court
Stark,Nancy,D,Contra Costa County Superior Court
Steckler,Andrew,A,Alameda County Superior Court
Steiner,Scott,A,Orange County Superior Court
Stennis,Kevin,P,Los Angeles County Superior Court
Stephens,Carrie,M,Stanislaus County Superior Court
Sterling III,Otis,None,Riverside County Superior Court
Stern,Douglas,W,Los Angeles County Superior Court
Stern,Michael,L,Los Angeles County Superior Court
Sterne,Colleen,K,Santa Barbara County Superior Court
Stevens,Thomas,E,Alameda County Superior Court
Steward,Steven,Marcus,Humboldt County Superior Court
Stewart,Therese,M,"Court of Appeal, First District"
Stodghill,Bryan,K,San Bernardino County Superior Court
Stone,Jason,Louis,Riverside County Superior Court
Stone,Natalie,None,Los Angeles County Superior Court
Stone,Steven,E,San Diego County Superior Court
Strassner,Lisa,M,Los Angeles County Superior Court
Stratton,Maria,Elena,"Court of Appeal, Second District"
Streeter,Jon,None,"Court of Appeal, First District"
Strickroth,Michael,None,Orange County Superior Court
Stuart,David,W,Los Angeles County Superior Court
Sturgeon,Eddie,C,San Diego County Superior Court
Sueyoshi,Richard,K,Sacramento County Superior Court
Sullivan,Teresa,A,Los Angeles County Superior Court
Sumner,Allen,H,Sacramento County Superior Court
Sun,Linda,L,Los Angeles County Superior Court
Sundeen,Ruben,None,Alameda County Superior Court
Swain,Julie,Anne,Orange County Superior Court
Sweet,Andrew,E,Marin County Superior Court
Sweet,Michael,W,Sacramento County Superior Court
Swift,David,Wesley,Los Angeles County Superior Court
Swope III,Virgil,R,San Mateo County Superior Court
Swysen,Catherine,J,San Luis Obispo County Superior Court
Sykes,Daphne,S,Orange County Superior Court
Sylva,Julianne,None,Santa Clara County Superior Court
Syren,Gregory,A,Alameda County Superior Court
Sztraicher,Gustavo,N,Los Angeles County Superior Court
Takaichi,Drew,C,Santa Clara County Superior Court
Takasugi,Jon,R,Los Angeles County Superior Court
Talamantes,Mark,A,Marin County Superior Court
Talley,Jill,H.,Sacramento County Superior Court
Tamzarian,Armen,None,Los Angeles County Superior Court
Taada,Stephanie,None,San Bernardino County Superior Court
Tanaka,Gary,Y,Los Angeles County Superior Court
Tapia II,Sergio,C,Los Angeles County Superior Court
Tavelman,Frank,None,Los Angeles County Superior Court
Tavill,Gregory,S,San Bernardino County Superior Court
Taylor,Chestopher,L,Los Angeles County Superior Court
Taylor,Eric,None,Los Angeles County Superior Court
Taylor,Timothy,B,San Diego County Superior Court
Taylor,Tricia,None,Los Angeles County Superior Court
Tedmon,Scott,L.,Sacramento County Superior Court
Terrell,Michael,None,Los Angeles County Superior Court
Terrence,William,None,Fresno County Superior Court
Tharpe,Daniel,T,Fresno County Superior Court
Thomasson,Lauren,P,San Joaquin County Superior Court
Thompson,Andrea,C,Los Angeles County Superior Court
Thompson,Jeffrey,A,Colusa County Superior Court
Thompson,John,M,San Diego County Superior Court
Thompson,Nicholas,S,Orange County Superior Court
Thompson,Patrick,S.,San Francisco County Superior Court
Thompson-Taylor,Sherry,None,San Diego County Superior Court
Thomsen,B. Scott,None,Nevada County Superior Court
Thornton-Harris,Stephanie,None,San Bernardino County Superior Court
Tice-Raskin,S.,Robert,Nevada County Superior Court
Tillmon,Bobbi,None,Los Angeles County Superior Court
Titus,Patricia,J,Los Angeles County Superior Court
Tong,Michelle,May,San Francisco County Superior Court
Torrealba,Leonard,None,Los Angeles County Superior Court
Torrealba,Shelly,B,Los Angeles County Superior Court
Torres,Victor,M.,San Diego County Superior Court
Torres,Yolanda,V,Orange County Superior Court
Towns,Christian,None,San Bernardino County Superior Court
Townsend,Susan,J,Los Angeles County Superior Court
Traber,Theresa,M,Los Angeles County Superior Court
Treat,Charles,S,Contra Costa County Superior Court
Trendacosta,Anthony,A,Los Angeles County Superior Court
Trentacosta,Robert,J,San Diego County Superior Court
Trevino,Delia,None,Alameda County Superior Court
Trimble,Jennifer,None,Merced County Superior Court
Trinh,Leonard,N.,San Diego County Superior Court
Tripp,Ricky,None,Tulare County Superior Court
Truong,Terry,T,Los Angeles County Superior Court
Tsao,Lee,W,Los Angeles County Superior Court
Tucher,Alison,M,"Court of Appeal, First District"
Tulcan,David,Kyle,San Bernardino County Superior Court
Twisselman II,Kenneth,C,Kern County Superior Court
Tyler,Christine,Rodriguez,Los Angeles County Superior Court
Ueda,Kara,K.,Sacramento County Superior Court
Ufland,Antony,None,Orange County Superior Court
Ulmer,Richard,B,San Francisco County Superior Court
Umeda,Charles,J,San Bernardino County Superior Court
Urioste,Mark,Andrew,Sonoma County Superior Court
Usher,Pamela,T,Los Angeles County Superior Court
uzcategui, jessica, None, Los Angeles County Superior Court
Valencia,Jesus,None,Santa Clara County Superior Court
Vallarta,Vanessa,W,Monterey County Superior Court
Valle,Fernando,None,Orange County Superior Court
Van Aken,Christine,None,San Francisco County Superior Court
Van Camp,Scott,None,Orange County Superior Court
van Rooyen,Craig,B,San Luis Obispo County Superior Court
Vander Feer,John,P,San Bernardino County Superior Court
Vanderet,Robert,C,Los Angeles County Superior Court
Varela,Carlos,None,San Diego County Superior Court
Vazquez,R,None,Monterey County Superior Court
Veals,Craig,None,Los Angeles County Superior Court
Verastegui,Yvette,None,Los Angeles County Superior Court
Vicencia,Michael,P,Los Angeles County Superior Court
Villalobos,Anthony,R,Riverside County Superior Court
Villalobos,Michael,None,Los Angeles County Superior Court
Villalobos,Ruben,A,Stanislaus County Superior Court
Villanueva,Pamela,M.,Los Angeles County Superior Court
Villapudua,Xapuri,B,San Joaquin County Superior Court
Villar,Mary Lou,None,Los Angeles County Superior Court
Villeza,Rob,B,Los Angeles County Superior Court
Vineyard,John,W,Riverside County Superior Court
Vinluan,Jerry,Bustos,Santa Cruz County Superior Court
Viramontes,Victor,None,"Court of Appeal, Second District"
Vlavianos,Richard,A,San Joaquin County Superior Court
Voelker,Catherine,Marie,Ventura County Superior Court
Vogt,John,F,Fresno County Superior Court
Vogt,Sosi,C.,Madera County Superior Court
Volkmann,Timothy,R,Santa Cruz County Superior Court
Von Kalinowski,Sim,None,San Diego County Superior Court
Vu,Nathan,Nhan,Orange County Superior Court
Wada,Robert,S,Los Angeles County Superior Court
Wagner,Megan,None,Orange County Superior Court
Walgren,David,B,Los Angeles County Superior Court
Wallenstein,Joel,M,Los Angeles County Superior Court
Walmark,Richard,F,Los Angeles County Superior Court
Walsh,Henry,None,Ventura County Superior Court
Walsh,Timothy,R,San Diego County Superior Court
Walton,Laura,R,Los Angeles County Superior Court
Waltz,James,L,Orange County Superior Court
Warren,Jeanmarie,None,Los Angeles County Superior Court
Washington,Lisa,Roseann,Los Angeles County Superior Court
Washington,Michael,D,San Diego County Superior Court
Wasserman,Fumiko,H,Los Angeles County Superior Court
Waters,Robert,Tucker,San Joaquin County Superior Court
Watkins,Shirley,K,Los Angeles County Superior Court
Wayser,Joshua,D,Los Angeles County Superior Court
Weathers,Theodore,M,San Diego County Superior Court
Weber,Joan,P,San Diego County Superior Court
Weber,Kendra,D,Kings County Superior Court
Webster,Jason,W.,Kern County Superior Court
Weil,Edward,G,Contra Costa County Superior Court
Weinberger,William,None,Los Angeles County Superior Court
Weiner,Marie,S,San Mateo County Superior Court
Weiner,Timothy,M,Los Angeles County Superior Court
Weingart,Gregory,None,"Court of Appeal, Second District"
Weinreb,Brad,A,San Diego County Superior Court
Weis Birnstein,Lauren Lee,None,Los Angeles County Superior Court
Weller,John,Charles,Los Angeles County Superior Court
Wells,Ryan,I,Fresno County Superior Court
Wendler,Michael,None,San Mateo County Superior Court
Weng-Gutierrez,Julie,None,Sacramento County Superior Court
Wersching,Eric,None,Orange County Superior Court
West,Katrina,None,San Bernardino County Superior Court
Westbrook,Kellee,C,Stanislaus County Superior Court
Westbrook,Robert,B,Stanislaus County Superior Court
Whalen Jr.,Robert,M,Fresno County Superior Court
Whilden,Heidi,K,Monterey County Superior Court
Whitaker,Michael,E,Los Angeles County Superior Court
White,Kerry,None,Los Angeles County Superior Court
White,Laurel,D,Sacramento County Superior Court
White,Stephen,W,Sacramento County Superior Court
Whitman,Jenna,None,Alameda County Superior Court
Whitney,Richard,S,San Diego County Superior Court
WiddiField,Melissa,N,Los Angeles County Superior Court
Widman,Joseph,None,San Bernardino County Superior Court
Wiese,Stacy,None,Los Angeles County Superior Court
Wilcox,Wendy,Leigh,Los Angeles County Superior Court
Wiley,Monica,F,San Francisco County Superior Court
Wiley Jr.,John,S,"Court of Appeal, Second District"
Wilkerson,John,Michael,San Bernardino County Superior Court
Williams,Allison,M.,Sacramento County Superior Court
Williams,Helen,E,Santa Clara County Superior Court
Williams,Janice,M.,Solano County Superior Court
Williams,Ryan,None,Los Angeles County Superior Court
Wills,Thomas,W,Monterey County Superior Court
Wilson,Charles,E,"Court of Appeal, Sixth District"
Wilson,Geoffrey,D.,Fresno County Superior Court
Wilson,Peter,J,Orange County Superior Court
Wilson,Victoria,None,Los Angeles County Superior Court
Wilson Jr.,Harold,T,San Bernardino County Superior Court
Windham,Mark,E,Los Angeles County Superior Court
Wirtschafter,Benjamin,Z,Yuba County Superior Court
Wise,Noel,None,Alameda County Superior Court
Wiss,Mary,E,San Francisco County Superior Court
Wohlfeil,Joel,R,San Diego County Superior Court
Wolf,David,None,Kern County Superior Court
Wolfe,Robin,None,Tulare County Superior Court
Wolk,Daniel,None,Yolo County Superior Court
Wong,Garrett,L,San Francisco County Superior Court
Wood,Beverly,None,Marin County Superior Court
Wood,Marie,E.,Riverside County Superior Court
Wood,Tamara,L,Shasta County Superior Court
Wood,Victoria,None,Napa County Superior Court
Wood,William,Y,San Diego County Superior Court
Woods,Braden,C,San Francisco County Superior Court
Woods,Laura,S,Tehama County Superior Court
Worley,David,R,Ventura County Superior Court
Wright,Ryan,J,Ventura County Superior Court
Wright,Victor,L,Los Angeles County Superior Court
Yabuno,Robert,G,San Bernardino County Superior Court
Yang,Bryant,None,Los Angeles County Superior Court
Yang,Jerry,Chenwei,Riverside County Superior Court
Yang,Scott,Andrew,Los Angeles County Superior Court
Yap,Julie,Grace,Sacramento County Superior Court
Yaroslavsky,David,None,Los Angeles County Superior Court
Yegan,Kenneth,R,"Court of Appeal, Second District"
Yellin,Lawrence,None,Orange County Superior Court
Yep,Brian,C,Los Angeles County Superior Court
Yerkey,Amy,C,Los Angeles County Superior Court
Yew,Erica,R,Santa Clara County Superior Court
Young,Ayana,None,Contra Costa County Superior Court
Young,Bruce,A,Ventura County Superior Court
Young,Lowynn,None,Los Angeles County Superior Court
Young,Mark,A,Los Angeles County Superior Court
Young,Patricia,A,Los Angeles County Superior Court
Young,Scott,R. L.,Napa County Superior Court
Yriarte,Geanene,M,Los Angeles County Superior Court
Zacky,Hayden,A,Los Angeles County Superior Court
Zapanta,Rohanee,None,San Diego County Superior Court
Zayner,Theodore,C,Santa Clara County Superior Court
Zecher,Vanessa,A,Santa Clara County Superior Court
Zeidler,Daniel,Zeke,Los Angeles County Superior Court
Zendejas,Esmeralda,None,San Joaquin County Superior Court
Zepeda,Francine,None,Fresno County Superior Court
Zepeda-Madrid,Carrie,A,Santa Clara County Superior Court
Zidbeck,William,Scott,Orange County Superior Court
Zimel,Jeffrey,Mark,Riverside County Superior Court
Zitny,John,R,Orange County Superior Court
Zukin,Helen,None,Los Angeles County Superior Court
Zulfa,David,R,Kern County Superior Court
