Aaron,Cynthia,G,"Court of Appeal, Fourth District"
Abbott,David,W,Sacramento County Superior Court
Abdallah,George,None,San Joaquin County Superior Court
Abdallah,George,None,San Joaquin County Superior Court
Abzug,Michael,D,Los Angeles County Superior Court
Acero,George,Albert,Sacramento County Superior Court
Acero,George,Albert,Sacramento County Superior Court
Aceves,Efrain,M,Los Angeles County Superior Court
Acquisto,Stephen,P,Sacramento County Superior Court
Acquisto,Stephen,P,Sacramento County Superior Court
Adams,Charles,F,Santa Clara County Superior Court
Adams,Charles,F,Santa Clara County Superior Court
Adams,John,S,Orange County Superior Court
Adams,John,S,Orange County Superior Court
Adams,Rashida,None,Los Angeles County Superior Court
Adams,Rashida,None,Los Angeles County Superior Court
Adams,Verna,A,Marin County Superior Court
Adams Jr.,Thomas,R,Santa Barbara County Superior Court
Adams Jr.,Thomas,R,Santa Barbara County Superior Court
Aenlle-Rocha,Fernando,None,Los Angeles County Superior Court
Agbayani,Antonino,J,San Joaquin County Superior Court
Agbayani,Antonino,J,San Joaquin County Superior Court
Agron,Joel,S,San Bernardino County Superior Court
Agron,Joel,S,San Bernardino County Superior Court
Aguirre,Frederick,P,Orange County Superior Court
Ahnn,Michelle,M,Los Angeles County Superior Court
Ahnn,Michelle,M,Los Angeles County Superior Court
Alarcon,Gregory,W,Los Angeles County Superior Court
Albers,Ronald,E,San Francisco County Superior Court
Alcala,Javier,None,Santa Clara County Superior Court
Alcala,Javier,None,Santa Clara County Superior Court
Aldrich,Richard,D,"Court of Appeal, Second District"
Alexander,Daniel,None,Los Angeles County Superior Court
Alexander,Erin,K,San Bernardino County Superior Court
Alexander,Erin,K,San Bernardino County Superior Court
Alexander,Rasheed,None,San Bernardino County Superior Court
Alksne,Lorna,A,San Diego County Superior Court
Allard III,Edward,P,San Diego County Superior Court
Alldredge,Brett,None,Tulare County Superior Court
Allen-Hill,Glenda,None,Fresno County Superior Court
Alloggiamento,Julia,None,Santa Clara County Superior Court
Almada,Manuel,Alejandro,Los Angeles County Superior Court
Almada,Manuel,Alejandro,Los Angeles County Superior Court
Almquist,John Jeffrey,None,Santa Cruz County Superior Court
Altamirano,Diane,B,Imperial County Superior Court
Alva,Jose,L,San Joaquin County Superior Court
Alva,Jose,L,San Joaquin County Superior Court
Alvarez,Claudia,C.,Orange County Superior Court
Alvarez,Claudia,C.,Orange County Superior Court
Alvarez,Donald,R,San Bernardino County Superior Court
Alvarez,Donald,R,San Bernardino County Superior Court
Alvarez,Frank,B,Fresno County Superior Court
Alvarez,Olga,None,San Diego County Superior Court
Alvarez,Olga,None,San Diego County Superior Court
Amador,Frank,None,Los Angeles County Superior Court
Amador,Robert,O,San Diego County Superior Court
Amador,Robert,O,San Diego County Superior Court
Ameral,Ann,Q,Stanislaus County Superior Court
Amerian,Michael,R,Los Angeles County Superior Court
Amerian,Michael,R,Los Angeles County Superior Court
Amin,Marsha,None,San Diego County Superior Court
Anderholt,L. Brooks,None,Imperial County Superior Court
Anderle,Thomas,P,Santa Barbara County Superior Court
Anderson,Johnnetta,E,Riverside County Superior Court
Anderson,Johnnetta,E,Riverside County Superior Court
Anderson,Marla,O,Monterey County Superior Court
Anderson,Matthew,S,Orange County Superior Court
Anderson,Matthew,S,Orange County Superior Court
Anderson,Thomas,M,Nevada County Superior Court
Anderson,Thomas,M,Nevada County Superior Court
Anderson III,Clifford,R,Santa Barbara County Superior Court
Andler,Gail,None,Orange County Superior Court
Angel,Annrae,Marie,Santa Cruz County Superior Court
Apaloo,Khymberli,S,San Bernardino County Superior Court
Apkarian,Gassia,None,Orange County Superior Court
Apkarian,Isabel,None,Orange County Superior Court
Appel,Robin,None,San Joaquin County Superior Court
Appel,Robin,None,San Joaquin County Superior Court
Applegate,Robert,P,Los Angeles County Superior Court
Arakaki,Akemi,D,Los Angeles County Superior Court
Arakaki,Akemi,D,Los Angeles County Superior Court
Arand,Mary,E,Santa Clara County Superior Court
Arand,Mary,E,Santa Clara County Superior Court
Arax,Brian,M,Fresno County Superior Court
Archuleta,Debra,None,Los Angeles County Superior Court
Arguelles,James,P,Sacramento County Superior Court
Arian,Lee,None,Los Angeles County Superior Court
Armand,Jason,Michael,Riverside County Superior Court
Armendariz,Lucy,M,Los Angeles County Superior Court
Armendariz,Maria,None,Los Angeles County Superior Court
Armour,Carlos,O,San Diego County Superior Court
Armour,Carlos,O,San Diego County Superior Court
Arnold,Mark,None,Los Angeles County Superior Court
Arnold,Mark,None,Los Angeles County Superior Court
Aronson,Brian,R,Sutter County Superior Court
Aronson,Richard,None,"Court of Appeal, Fourth District"
Arroyo,Jacqueline,M,Santa Clara County Superior Court
Arroyo,Jacqueline,M,Santa Clara County Superior Court
Arthur,Craig,E,Orange County Superior Court
Asberry,Irma,P,Riverside County Superior Court
Asberry,Irma,P,Riverside County Superior Court
Ash,Carol,K,Merced County Superior Court
Ash,Carol,K,Merced County Superior Court
Ashby,David,None,Sutter County Superior Court
Ashmann-Gerst,Judith,M,"Court of Appeal, Second District"
Ashvanian,Armenui,A,Los Angeles County Superior Court
Ashvanian,Armenui,A,Los Angeles County Superior Court
Ashworth,Vicki,L,El Dorado County Superior Court
Athanasiou,Kirk,None,Contra Costa County Superior Court
Athanasiou,Kirk,None,Contra Costa County Superior Court
Austin,Brian,None,Madera County Superior Court
Austin,Steven,None,Contra Costa County Superior Court
Averill,Shelly,J,Sonoma County Superior Court
Avila,Wendy,None,Kern County Superior Court
Awoniyi,Bunmi,O,Sacramento County Superior Court
Awoniyi,Bunmi,O,Sacramento County Superior Court
Ayers,Nancy,L,Ventura County Superior Court
Ayers,Nancy,L,Ventura County Superior Court
Ayoob,Donald,J,San Mateo County Superior Court
Babineau,Kelly,L.,Nevada County Superior Court
Bacal,Katherine,None,San Diego County Superior Court
Bacal,Katherine,None,San Diego County Superior Court
Bacciarini,Mark,V,Merced County Superior Court
Bacciarini,Mark,V,Merced County Superior Court
Bachner,Monica,L,Los Angeles County Superior Court
Bacigalupo,Paul,A,Los Angeles County Superior Court
Bacigalupo,Paul,A,Los Angeles County Superior Court
Back,Brian,J,Ventura County Superior Court
Badhan,Rita,Linda,Los Angeles County Superior Court
Badhan-Smith,Neetu,None,Los Angeles County Superior Court
Badhan-Smith,Neetu,None,Los Angeles County Superior Court
Bae,Judy,S,San Diego County Superior Court
Bae,Judy,S,San Diego County Superior Court
Baelly,Paul,W,Ventura County Superior Court
Baelly,Paul,W,Ventura County Superior Court
Bailey,Julian,W,Orange County Superior Court
Bailey,Julian,W,Orange County Superior Court
Bailey,Steven,C,El Dorado County Superior Court
Baio,Rocky,J,Ventura County Superior Court
Baio,Rocky,J,Ventura County Superior Court
Baker,Lamar,W,"Court of Appeal, Second District"
Baker,Stephen,H,Shasta County Superior Court
Balderrama,Lorenzo,R,San Bernardino County Superior Court
Ballinger,Raima,H,Sonoma County Superior Court
Balonon,Eugene,L,Sacramento County Superior Court
Baltodano,Hernaldo,J,San Luis Obispo County Superior Court
Baltodano,Hernaldo,J,"Court of Appeal, Second District"
Bamattre-Manoukian,Patricia,None,"Court of Appeal, Sixth District"
Banke,Kathleen,M,"Court of Appeal, First District"
Banks,Andrew,P,Orange County Superior Court
Banuelos,Blanca,None,San Joaquin County Superior Court
Banuelos,Blanca,None,San Joaquin County Superior Court
Barajas,Amy,Zois,Riverside County Superior Court
Barclay,Francis,W,Modoc County Superior Court
Barela,Henry,T,Los Angeles County Superior Court
"Barmann, Jr.",Bernard,None,Kern County Superior Court
Barnes,Craig,Scott,Los Angeles County Superior Court
Barnes,Craig,Scott,Los Angeles County Superior Court
Barnes,Steven,D,Kings County Superior Court
Barnum,Kenneth,P,Santa Clara County Superior Court
Barnum,Kenneth,P,Santa Clara County Superior Court
Baron,Abigail,Marie,Los Angeles County Superior Court
Baron,Abigail,Marie,Los Angeles County Superior Court
Barrera,Mario,None,Los Angeles County Superior Court
Barrera,Mario,None,Los Angeles County Superior Court
Barrera II,Gus,C.,San Joaquin County Superior Court
Barrera II,Gus,C.,San Joaquin County Superior Court
Barreto,Fernanda,Maria,Los Angeles County Superior Court
Barreto,Fernanda,Maria,Los Angeles County Superior Court
Barrett,Grant,V,Calaveras County Superior Court
Barrett,Thang,None,Santa Clara County Superior Court
Barrett,Thang,None,Santa Clara County Superior Court
Barry,William,P,Los Angeles County Superior Court
Barton,Jeffrey,B,San Diego County Superior Court
Barton,Jeffrey,B,San Diego County Superior Court
Basha,Steven,M,Yolo County Superior Court
Baskett,Kim,None,Santa Cruz County Superior Court
Baskin,Barry,None,Contra Costa County Superior Court
Baskin,Barry,None,Contra Costa County Superior Court
Bauer,Ronald,None,Orange County Superior Court
Baytieh,Ebrahim,None,Orange County Superior Court
Baytieh,Ebrahim,None,Orange County Superior Court
Bean,Sandra,K,Alameda County Superior Court
Beatty,Cara,L,Shasta County Superior Court
Beauchesne,Roger,None,Stanislaus County Superior Court
Beaudet,Teresa,A,Los Angeles County Superior Court
Beckloff,Mitchell,L,Los Angeles County Superior Court
Becton,Diana,None,Contra Costa County Superior Court
Bedsworth,William,None,"Court of Appeal, Fourth District"
Beebe,Jed,Q,Santa Barbara County Superior Court
Beebe,Jed,Q,Santa Barbara County Superior Court
Beeman,Paul,L,Solano County Superior Court
Begen,Loretta,M,Stanislaus County Superior Court
Begert,Michael,I,San Francisco County Superior Court
Begert,Michael,I,San Francisco County Superior Court
Behan,Wendy,M.,San Diego County Superior Court
Behan,Wendy,M.,San Diego County Superior Court
Behar,Lori,R,Los Angeles County Superior Court
Behar,Lori,R,Los Angeles County Superior Court
Behnke,John,A,Mendocino County Superior Court
Bejarano,Marissa,A.,San Diego County Superior Court
Bell,Michele,None,Orange County Superior Court
"Bell, Jr.",Charles,E.,San Diego County Superior Court
Belsky,Daniel,S,San Diego County Superior Court
Belsky,Daniel,S,San Diego County Superior Court
Beltramo,Shara,None,Contra Costa County Superior Court
Belz,David,L,Orange County Superior Court
Benavides,Jose,R,Kern County Superior Court
Bender,Thomas,L,Madera County Superior Court
Bendix,Helen,I,"Court of Appeal, Second District"
Bendix,Helen,I,Los Angeles County Superior Court
Bendorf,Melanie,K.,Yuba County Superior Court
Benjamini,Dean,None,Riverside County Superior Court
Benjamini,Dean,None,Riverside County Superior Court
Benjamini,Emily,None,Riverside County Superior Court
Benjamini,Emily,None,Riverside County Superior Court
Benke,Patricia,None,"Court of Appeal, Fourth District"
Bennett,Francis,B,Los Angeles County Superior Court
Bennett,Francis,B,Los Angeles County Superior Court
Bennett,Jeffrey,G,Ventura County Superior Court
Bennett,Jeffrey,G,Ventura County Superior Court
Bennett,Teresa,S,San Bernardino County Superior Court
Bennett,Teresa,S,San Bernardino County Superior Court
Bensinger,Kerry,R,Los Angeles County Superior Court
Bensinger,Kerry,R,Los Angeles County Superior Court
Benson,Stephen,E,Butte County Superior Court
Bereola,Gail,B,Alameda County Superior Court
Berger,David,A,Los Angeles County Superior Court
Berger,David,A,Los Angeles County Superior Court
Berger,David,A,Los Angeles County Superior Court
Bergeron,Joseph,E.,San Mateo County Superior Court
Berle,Elihu,M,Los Angeles County Superior Court
Berle,Elihu,M,Los Angeles County Superior Court
Bermudez,Angel,M,Riverside County Superior Court
Bermudez,Angel,M,Riverside County Superior Court
Bermudez,Eran,M,Imperial County Superior Court
Bernal,Margaret,M,Los Angeles County Superior Court
Bernal,Margaret,M,Los Angeles County Superior Court
Bernal,Paul,R,Santa Clara County Superior Court
Bernal,Paul,R,Santa Clara County Superior Court
Beronio,Janene,None,Yolo County Superior Court
Berrier,Stephen,W,Yuba County Superior Court
Berry,David,L,San Diego County Superior Court
Berry,David,L,San Diego County Superior Court
Bershon,Nicole,C,Los Angeles County Superior Court
Bershon,Nicole,C,Los Angeles County Superior Court
Bertoli,James,G,Sonoma County Superior Court
Bessey,Shawn,D,Stanislaus County Superior Court
Bianco,D. Brett,None,Los Angeles County Superior Court
Bianco,D. Brett,None,Los Angeles County Superior Court
Bianco,James,N,Los Angeles County Superior Court
Bianco,James,N,Los Angeles County Superior Court
Bianco,John,P,Tulare County Superior Court
Bicego,JoAnn,M,Siskiyou County Superior Court
Bigelow,Molly,A,Shasta County Superior Court
Bigelow,Molly,A,Shasta County Superior Court
Bigelow,Patricia,A,"Court of Appeal, Second District"
Biggs,Carlton,P.,Orange County Superior Court
Bilash,Colin,J,San Bernardino County Superior Court
Birchak,Frank,L,San Diego County Superior Court
Birchak,Frank,L,San Diego County Superior Court
Bird,George,F,Los Angeles County Superior Court
Bird,George,F,Los Angeles County Superior Court
Birkmeyer,Laura,J,San Diego County Superior Court
Birkmeyer,Laura,J,San Diego County Superior Court
Bishay,Michael,None,Alameda County Superior Court
Black,Donald,None,Fresno County Superior Court
Black,Donald,None,Fresno County Superior Court
Blackman,Clifford,None,Napa County Superior Court
Blackshaw,Julie,F,Los Angeles County Superior Court
Blackshaw,Julie,F,Los Angeles County Superior Court
Blades,Steven,D,Los Angeles County Superior Court
Blades,Steven,D,Los Angeles County Superior Court
Blakely,Clifford,T.,Alameda County Superior Court
Blancarte,James,E,Los Angeles County Superior Court
Blancarte,James,E,Los Angeles County Superior Court
Blanchard,B. Kathleen,None,Los Angeles County Superior Court
Blanchard,B. Kathleen,None,Los Angeles County Superior Court
Blanco,Alicia,Y,Los Angeles County Superior Court
Blea,Dale,J,Madera County Superior Court
Blea III,Jacob,None,Alameda County Superior Court
Blease,Coleman,None,"Court of Appeal, Third District"
Blecher,Brooke,A.,Santa Clara County Superior Court
Blecher,Brooke,A.,Santa Clara County Superior Court
Blizzard,Thadd,A,Sacramento County Superior Court
Blizzard,Thadd,A,Sacramento County Superior Court
Bloom,Jay,M,San Diego County Superior Court
Bloom,Jay,M,San Diego County Superior Court
Bloom,Richard,H,Los Angeles County Superior Court
Blum,Andrew,S,Lake County Superior Court
Blumenfeld,Stan,None,Los Angeles County Superior Court
Blumenfeld,Stan,None,Los Angeles County Superior Court
Bocanegra,Arthur,None,Santa Clara County Superior Court
Bocanegra,Arthur,None,Santa Clara County Superior Court
Boccone-Gallo,Juliet,L,Tulare County Superior Court
Boessenecker,Mark,None,Napa County Superior Court
Bogdanoff,Lee,None,Los Angeles County Superior Court
Bogert,Tami,R,Sacramento County Superior Court
Bolanos,Suzanne,R,San Francisco County Superior Court
Bolanos,Suzanne,R,San Francisco County Superior Court
Bondonno,Franklin,E,Santa Clara County Superior Court
Bondonno,Franklin,E,Santa Clara County Superior Court
Bonilla,David,None,Sacramento County Superior Court
Bonini,Griffin,None,Santa Clara County Superior Court
Borack,Jerilyn,L,Sacramento County Superior Court
Borack,Jerilyn,L,Sacramento County Superior Court
Boren,Roger,W,"Court of Appeal, Second District"
Borenstein,Mark,A,Los Angeles County Superior Court
Borjon,Keith,H,Los Angeles County Superior Court
Bork,Terry,A,Los Angeles County Superior Court
Borkon,Peter,E.,Alameda County Superior Court
Borrell,Mark,S,Ventura County Superior Court
Borris,Thomas,None,Orange County Superior Court
Boscoe,James,A,Tuolumne County Superior Court
Bosley,Gia,None,Los Angeles County Superior Court
Bostwick,Jeffrey,S,San Diego County Superior Court
Bostwick,Jeffrey,S,San Diego County Superior Court
Bottke,C. Todd,None,Tehama County Superior Court
Boulware Eurie,Stacy,E,Sacramento County Superior Court
Boulware Eurie,Stacy,E,Sacramento County Superior Court
Boulware Eurie,Stacy,E,"Court of Appeal, Third District"
Boulware Eurie,Stacy,E,"Court of Appeal, Third District"
Bourne,Beverly,L,Los Angeles County Superior Court
Bourne,Beverly,L,Los Angeles County Superior Court
Bovee,Guy,None,San Bernardino County Superior Court
Bovee,Guy,None,San Bernardino County Superior Court
Bowen,Christopher,R,Contra Costa County Superior Court
Bowen,Colin,T.,Alameda County Superior Court
Bowers,Lauren,C,El Dorado County Superior Court
Bowers,Robert,S,Solano County Superior Court
Bowick,Stephanie,M,Los Angeles County Superior Court
Bowman,Blaine,K,San Diego County Superior Court
Bowman,Blaine,K,San Diego County Superior Court
Bowman,Michael,G,Sacramento County Superior Court
Bowman,Michael,G,Sacramento County Superior Court
Boyd,Robert,S,Sonoma County Superior Court
Bradshaw,James,E,Kern County Superior Court
Bradstreet,Angela,M,San Francisco County Superior Court
Brady,Laurel,S,Contra Costa County Superior Court
Brady,Laurel,S,Contra Costa County Superior Court
Brako,Karen,A.,Los Angeles County Superior Court
Brand,Jeffrey,S,Alameda County Superior Court
Brandlin,James,R,Los Angeles County Superior Court
Brandolino,Joseph,None,Los Angeles County Superior Court
Brandolino,Joseph,None,Los Angeles County Superior Court
Braner,Matthew,C,San Diego County Superior Court
Braner,Matthew,C,San Diego County Superior Court
Brannigan,Joseph,P,San Diego County Superior Court
Brannigan,Joseph,P,San Diego County Superior Court
Brazil,Deborah,S,Los Angeles County Superior Court
Brazil,Deborah,S,Los Angeles County Superior Court
Brazile,Kevin,C,Los Angeles County Superior Court
Brazile,Kevin,C,Los Angeles County Superior Court
Breall,Susan,None,San Francisco County Superior Court
Breall,Susan,None,San Francisco County Superior Court
Brehmer,Charles,R,Kern County Superior Court
Brehmer,Charles,R,Kern County Superior Court
Brennan,Clayton,L,Mendocino County Superior Court
Brickey,Gabriel,Leonard,Fresno County Superior Court
Brickey,Gabriel,Leonard,Fresno County Superior Court
Broadbelt III,Robert,B,Los Angeles County Superior Court
Broadbelt III,Robert,B,Los Angeles County Superior Court
Broderick,Patrick,M,Sonoma County Superior Court
Broderick,Patrick,M,Sonoma County Superior Court
Brodie,Bruce,None,Los Angeles County Superior Court
Brodie,Bruce,None,Los Angeles County Superior Court
Brodie,Kyle,S,San Bernardino County Superior Court
Brody,Kenneth,N,Sacramento County Superior Court
Brody,Kenneth,N,Sacramento County Superior Court
Bromberg,Daniel,H,"Court of Appeal, Sixth District"
Bromberg,Steve,None,Orange County Superior Court
Bromberg,Steve,None,Orange County Superior Court
Brooks,Nelson,K,El Dorado County Superior Court
Brosnahan,Carol,None,Alameda County Superior Court
Brougham,Cathryn,F,Los Angeles County Superior Court
Brougham,Cathryn,F,Los Angeles County Superior Court
Brougham,David,C,Los Angeles County Superior Court
Brower,Matthew,R,San Diego County Superior Court
Brower,Matthew,None,San Diego County Superior Court
Brown,David,G,San Diego County Superior Court
Brown,David,I,Sacramento County Superior Court
Brown,David,G,San Diego County Superior Court
Brown,Gerard,S,San Bernardino County Superior Court
Brown,Irma,J,Los Angeles County Superior Court
Brown,Jacki,C,Orange County Superior Court
Brown,Kevin,L,Los Angeles County Superior Court
Brown,Lawrence,G,Sacramento County Superior Court
Brown,Leslie,E,Los Angeles County Superior Court
Brown,Leslie,E,Los Angeles County Superior Court
Brown,Lynnette,None,Sonoma County Superior Court
Brown,Raymond,Earl,Orange County Superior Court
Brown,Shelyna,V,Santa Clara County Superior Court
Brown,Shelyna,V,Santa Clara County Superior Court
Brown,Tracie,L,San Francisco County Superior Court
Brown,Tracie,L,"Court of Appeal, First District"
Brown,Tracie,L,"Court of Appeal, First District"
Brownlee,John,R,Kern County Superior Court
Bruce-Lyle,Desiree,A,San Diego County Superior Court
Bruce-Lyle,Desiree,A,San Diego County Superior Court
Bruguera,Suzanne,G,Los Angeles County Superior Court
Bruiniers,Terence,L,"Court of Appeal, First District"
Brumfield,Lorna,H,Kern County Superior Court
Bryant,Anita,Starchman,Mariposa County Superior Court
Bryant-Deason,Susan,None,Los Angeles County Superior Court
Bubis,Gary,M,San Diego County Superior Court
Bubis,Gary,M,San Diego County Superior Court
Buchanan,Martin,Nebrida,"Court of Appeal, Fourth District"
Buchwald,Gerald,J,San Mateo County Superior Court
Buckelew,Brian,J,Santa Clara County Superior Court
Buckelew,Brian,J,Santa Clara County Superior Court
Buckley,Daniel,J,Los Angeles County Superior Court
Buddle Jr.,Donald,None,Los Angeles County Superior Court
Buehner,Charmaine,H,Ventura County Superior Court
Buehner,Charmaine,H,Ventura County Superior Court
Burch,Charles,B,Contra Costa County Superior Court
Burdge Jr.,Richard,J,Los Angeles County Superior Court
Burdick,Paul,P,Santa Cruz County Superior Court
Burdick,Paul,P,Santa Cruz County Superior Court
Burger-Plavan,Trena,H,Sacramento County Superior Court
Burger-Plavan,Trena,H,Sacramento County Superior Court
Burgess,Jody,M,Shasta County Superior Court
Burgess,Jody,M,Shasta County Superior Court
Burgess,Rhonda,N,Alameda County Superior Court
Burghardt,Joseph,J.,Los Angeles County Superior Court
Burghardt,Joseph,J.,Los Angeles County Superior Court
Burlison,Robert,A,Monterey County Superior Court
Burlison,Robert,A,Monterey County Superior Court
Burnham Marquez,Raymonda,K,Kern County Superior Court
Burns,Gordon,B,"Court of Appeal, First District"
Burns,Robert,S,Kings County Superior Court
Busch,Peter,J,San Francisco County Superior Court
Bush,Michael,None,Kern County Superior Court
Bush,Michael,None,Kern County Superior Court
Bustamante,Manuel Jr.,None,Riverside County Superior Court
Butler,Pamela,L,Monterey County Superior Court
Butler,Pamela,L,Monterey County Superior Court
Butz,M. Kathleen,None,"Court of Appeal, Third District"
Byrd,Christine,None,Los Angeles County Superior Court
Byrd,Christine,None,Los Angeles County Superior Court
Byrd,Donald,C,Glenn County Superior Court
Byrdsong,Rupert,A,Los Angeles County Superior Court
Byrum,Maria,None,Los Angeles County Superior Court
Bysshe,Frederick,H,Ventura County Superior Court
Cabrera,Carlos,M,San Bernardino County Superior Court
Cadei,Raymond,M,Sacramento County Superior Court
Cadet,Chinhayi,None,San Mateo County Superior Court
Cadet,Chinhayi,None,San Mateo County Superior Court
Caffese,Teresa,M.,San Francisco County Superior Court
Cahraman,Thomas,H,Riverside County Superior Court
Caietti,Carolyn,M,San Diego County Superior Court
Caietti,Carolyn,M,San Diego County Superior Court
Calabretta,Daniel,J.,Sacramento County Superior Court
Calabretta,Daniel,J.,Sacramento County Superior Court
Calegari,Troye,Kendall,Sonoma County Superior Court
Calegari,Troye,Kendall,Sonoma County Superior Court
Calero,Alexander,M,San Diego County Superior Court
Calvillo,Noel,A.,Sacramento County Superior Court
Camacho,Marcos,R,Kern County Superior Court
Camacho,Mike,None,Los Angeles County Superior Court
Camacho,Mike,None,Los Angeles County Superior Court
Camarena,Enrique,None,San Diego County Superior Court
Camarena,Enrique,None,San Diego County Superior Court
Camber,Michael,A.,San Bernardino County Superior Court
Cameron,Victoria,E,Riverside County Superior Court
Campagna,Anthony,J.,San Diego County Superior Court
Campagna,Anthony,J.,San Diego County Superior Court
Campbell,Andre,None,Sacramento County Superior Court
Campbell,Hallie,G.,Tuolumne County Superior Court
Campins,Julia,None,Contra Costa County Superior Court
Campins,Julia,None,Contra Costa County Superior Court
Campos,Yvonne,E,San Diego County Superior Court
Campos,Yvonne,E,San Diego County Superior Court
Candela,Michael,P,Butte County Superior Court
Canepa,Theresa,J,Contra Costa County Superior Court
Canepa,Theresa,J,Contra Costa County Superior Court
Canning,Timothy,None,Humboldt County Superior Court
Canning,Timothy,None,Humboldt County Superior Court
Cannon,Gloria,J.,Kern County Superior Court
Cannon,Gloria,J.,Kern County Superior Court
Cano,Rachel,None,San Diego County Superior Court
Cano,Rachel,None,San Diego County Superior Court
Cantil-Sakauye,Tani,G,Supreme Court of California
Caraway,Corie,J,Butte County Superior Court
Cardoza,Jane,None,Fresno County Superior Court
Cardoza,Jane,None,Fresno County Superior Court
Carrillo,Debra,D,Orange County Superior Court
Carrillo,Debra,D,Orange County Superior Court
Carrillo,Jared,Temujin,Stanislaus County Superior Court
Carringer,Christine,A,Solano County Superior Court
Carringer,Christine,A,Solano County Superior Court
Carrozzo,Michael,J,Santa Barbara County Superior Court
Carter,Amy,None,Los Angeles County Superior Court
Carter,Amy,None,Los Angeles County Superior Court
Carter,Michael,D,Los Angeles County Superior Court
Carter,Michael,D,Los Angeles County Superior Court
Carvill,Wynne,S,Alameda County Superior Court
Casserly,Timothy,M,San Diego County Superior Court
Casserly,Timothy,M,San Diego County Superior Court
Cassidy,Alan,K,Stanislaus County Superior Court
Cassidy,Michael,J,Orange County Superior Court
Castillo,Jose,Scher,San Diego County Superior Court
Castillo,Jose,Scher,San Diego County Superior Court
Castillo,Michele,M,Ventura County Superior Court
Castro,Arturo,None,Alameda County Superior Court
Cathcart,Patrick,A,Los Angeles County Superior Court
Cavalluzzi,Maria,None,Los Angeles County Superior Court
Cavalluzzi,Maria,None,Los Angeles County Superior Court
Caves,Michael,Arthur,Kern County Superior Court
Caves,Michael,Arthur,Kern County Superior Court
Cena,David,A,Santa Clara County Superior Court
Cena,David,A,Santa Clara County Superior Court
Cha,Jessica,B.,Orange County Superior Court
Chaffee,David,None,Orange County Superior Court
Chalfant,James,C,Los Angeles County Superior Court
Chan,Bruce,None,San Francisco County Superior Court
Chan,Bruce,None,San Francisco County Superior Court
Chan,Roger,C,San Francisco County Superior Court
Chaney,Victoria,G,"Court of Appeal, Second District"
Chang,Adam,None,Los Angeles County Superior Court
Chang,Renee,Yolanda,Los Angeles County Superior Court
Chang,Shelleyanne,W,Sacramento County Superior Court
Chang,Shelleyanne,W,Sacramento County Superior Court
Chang,Wendy,None,Los Angeles County Superior Court
Chang,Wendy,None,Los Angeles County Superior Court
Chapin,Sidney,P,Kern County Superior Court
Chapman,David,M,Riverside County Superior Court
Chapman,David,M,Riverside County Superior Court
Charlick,Shereen,None,San Diego County Superior Court
Charlick,Shereen,None,San Diego County Superior Court
Chastain,Shauna,L,Solano County Superior Court
Chastain,Shauna,L,Solano County Superior Court
Chatman,Sharon,None,Santa Clara County Superior Court
Chatterjee,Somnath Raj,None,Alameda County Superior Court
Chau,Edwin,P,Los Angeles County Superior Court
Chavez,Victor,E,Los Angeles County Superior Court
Chavez,Victor,E,Los Angeles County Superior Court
Chavez,Victoria,M,"Court of Appeal, Second District"
Cheng,Andrew Y.S.,None,San Francisco County Superior Court
Chernus,Roy,O,Marin County Superior Court
Cheroske,John,J,Los Angeles County Superior Court
Cheroske,John,J,Los Angeles County Superior Court
Cheroske,John,J,Los Angeles County Superior Court
Chew,Hanley,None,Santa Clara County Superior Court
Chiarello,Vincent,J,Santa Clara County Superior Court
Chilton,Katherine,None,Los Angeles County Superior Court
Chin,Jason,B,Alameda County Superior Court
Chin,Ming,W,Supreme Court of California
Chittick,Hilary,A,Fresno County Superior Court
Cho,Lawrence,H,Los Angeles County Superior Court
Cho,Lawrence,H,Los Angeles County Superior Court
Cho,Sharon,K.,San Mateo County Superior Court
Cho,Sharon,K.,San Mateo County Superior Court
Cho,Susanne,S,Riverside County Superior Court
Cho,Susanne,S,Riverside County Superior Court
Cho,Tony,Joon Suk,Los Angeles County Superior Court
Cho,Tony,None,Los Angeles County Superior Court
Chou,Danny,Y.,San Mateo County Superior Court
Chou,Danny,Y.,"Court of Appeal, First District"
Chou,Danny,Y.,San Mateo County Superior Court
Chou,James,T,Marin County Superior Court
Chouteau,Rene,A,Sonoma County Superior Court
Chowdhury,Ashfaq,G,Los Angeles County Superior Court
Chowdhury,Ashfaq,G,Los Angeles County Superior Court
Chrissakis,Valerie,R,Kings County Superior Court
Chrissakis,Valerie,R,Kings County Superior Court
Christian,Deborah,None,Los Angeles County Superior Court
Christian,Sarah,A,Riverside County Superior Court
Christianson,Ronald,M,San Bernardino County Superior Court
Chrostek,Joan,M,Los Angeles County Superior Court
Chrostek,Joan,M,Los Angeles County Superior Court
Chu,Robert,G.,Los Angeles County Superior Court
Chu,Robert,G.,Los Angeles County Superior Court
Chun,A. Marisa,None,San Francisco County Superior Court
Chun,A. Marisa,None,San Francisco County Superior Court
Chung,Charles,A,Los Angeles County Superior Court
Chung,Charles,A,Los Angeles County Superior Court
Chung,Frederick,S,Santa Clara County Superior Court
Chung,Frederick,S,Santa Clara County Superior Court
Chung,Lisa,M,Los Angeles County Superior Court
Chung,Lisa,M,Los Angeles County Superior Court
Church,Rebecca,G.,San Diego County Superior Court
Cisneros,Ramiro,None,Los Angeles County Superior Court
Cissna,Timothy,None,Humboldt County Superior Court
Ciuffini,Kathy,A,Kings County Superior Court
Ciuffini,Kathy,A,Kings County Superior Court
Clapp,Lewis,W,Orange County Superior Court
Clapp,Lewis,W,Orange County Superior Court
Clark,Judith,C,Riverside County Superior Court
Clark,Judith,C,Riverside County Superior Court
Clark,L. Michael,None,Santa Clara County Superior Court
Clark,Linda,R,Santa Clara County Superior Court
Clark,Thomas,S,Kern County Superior Court
Clarke Jr.,Edmund,W,Los Angeles County Superior Court
Claster,William,D,Orange County Superior Court
Claster,William,D,Orange County Superior Court
Claustro,Israel,None,Orange County Superior Court
Claustro,Israel,None,Orange County Superior Court
Clay,C. Don,None,Alameda County Superior Court
Clay,Charles,Q,Los Angeles County Superior Court
Clay,Jason,A,Alameda County Superior Court
Clover,Suzette,None,Los Angeles County Superior Court
Clover,Suzette,None,Los Angeles County Superior Court
Coates,Tana,L,San Luis Obispo County Superior Court
Coats,Benjamin,F,Ventura County Superior Court
Coats,Benjamin,F,Ventura County Superior Court
Coats,Wendy,None,Contra Costa County Superior Court
Cobb-Hampton,Amyra,None,Solano County Superior Court
Cochran,Robert,None,Del Norte County Superior Court
Cochran,Steve,None,Los Angeles County Superior Court
Cockrum,Kaleb,V,Humboldt County Superior Court
Cockrum,Kaleb,V,Humboldt County Superior Court
Codrington,Carol,D,"Court of Appeal, Fourth District"
Cody,Tari,L,Ventura County Superior Court
Cody,Tari,L,Ventura County Superior Court
Coen,Lisa,None,Los Angeles County Superior Court
Coen,Lisa,None,Los Angeles County Superior Court
Coen,Ronald,S,Los Angeles County Superior Court
Coen,Ronald,S,Los Angeles County Superior Court
Coen,Sean,D,Los Angeles County Superior Court
Coen,Sean,D,Los Angeles County Superior Court
Coggins,Dena,M.,Sacramento County Superior Court
Coggins,Dena,M.,Sacramento County Superior Court
Cogliati,Syda,None,Santa Cruz County Superior Court
Cogliati,Syda,None,Santa Cruz County Superior Court
Cohen,Magdalena,None,Riverside County Superior Court
Cohen-Laurie,Jeffrey,S.,Los Angeles County Superior Court
Cohen-Laurie,Jeffrey,S.,Los Angeles County Superior Court
Cohn,David,S,San Bernardino County Superior Court
Cohn,David,S,San Bernardino County Superior Court
Colaw,Thierry,None,Orange County Superior Court
Cole,Debra,A,Los Angeles County Superior Court
Cole,Debra,A,Los Angeles County Superior Court
Cole,Lisa,H,Los Angeles County Superior Court
Cole,Lisa,H,Los Angeles County Superior Court
Cole,Onica,Valle,Los Angeles County Superior Court
Cole,Onica,Valle,Los Angeles County Superior Court
Cole-Doss,Emily,Jane,Los Angeles County Superior Court
Cole-Doss,Emily,Jane,Los Angeles County Superior Court
Cole-Hall,Debra,A,Los Angeles County Superior Court
Colella,Ben,None,Los Angeles County Superior Court
Coleman,Donald,None,Ventura County Superior Court
Coletta,Alfred,A,Los Angeles County Superior Court
Coletta,Alfred,A,Los Angeles County Superior Court
Colfax,Linda,H,San Francisco County Superior Court
Colfax,Linda,H,San Francisco County Superior Court
Colin,Paul,O,Santa Clara County Superior Court
Colin,Paul,O,Santa Clara County Superior Court
Collet,D. Lynn,None,Madera County Superior Court
Collins,Audrey,B,"Court of Appeal, Second District"
Collins,James,P,San Francisco County Superior Court
Colover,H. Shaina,None,Orange County Superior Court
Colover,H. Shaina,None,Orange County Superior Court
Colwell,Kimberly,E,Alameda County Superior Court
Condes,Elena,None,Alameda County Superior Court
Conklin,Jonathan,B,Fresno County Superior Court
Conklin,Jonathan,B,Fresno County Superior Court
Conley,John,D,Orange County Superior Court
Connolly,Pat,E,Los Angeles County Superior Court
Connolly,Pat,E,Los Angeles County Superior Court
Connolly,Rebecca,None,Santa Cruz County Superior Court
Connolly,Rebecca,None,Santa Cruz County Superior Court
Conroy,Brendan,P,San Francisco County Superior Court
Convey,Michael,J,Los Angeles County Superior Court
Convey,Michael,J,Los Angeles County Superior Court
Cookson,Patricia,K,San Diego County Superior Court
Cooley,Shannon,Kathleen,Los Angeles County Superior Court
Cooley,Shannon,Kathleen,Los Angeles County Superior Court
Cooper,Andrew,E,Los Angeles County Superior Court
Cooper,Andrew,E,Los Angeles County Superior Court
Cooper,Scott,B,Orange County Superior Court
Cooper,Scott,B,Orange County Superior Court
Cope,John,C,Contra Costa County Superior Court
Cope,John,C,Contra Costa County Superior Court
Cope,Mark,None,Riverside County Superior Court
Cope,Mark,None,Riverside County Superior Court
Cops,Jennifer,H.,Los Angeles County Superior Court
Cops,Jennifer,H.,Los Angeles County Superior Court
Cordova,Ricardo,None,Stanislaus County Superior Court
Cormell,Shaffer,T,Riverside County Superior Court
Corona,Adolfo,M,Fresno County Superior Court
Corona,Adolfo,M,Fresno County Superior Court
Corona,Adolfo,M,Fresno County Superior Court
Corrigan,Carol,A,Supreme Court of California
Cortes,Sonia,None,Yolo County Superior Court
Cortez,Annabelle,G,Los Angeles County Superior Court
Cortez,Annabelle,G,Los Angeles County Superior Court
Cortez,Rodney,A,San Bernardino County Superior Court
Cortez,Rodney,A,San Bernardino County Superior Court
Cota,Raymond,None,Imperial County Superior Court
Cotton,Huey,P,Los Angeles County Superior Court
Coughlan,Michael,D,San Joaquin County Superior Court
Coughlan,Michael,D,San Joaquin County Superior Court
Counelis,Steven,G,Riverside County Superior Court
Counelis,Steven,G,Riverside County Superior Court
Court,Michelle,W,Los Angeles County Superior Court
Court,Michelle,W,Los Angeles County Superior Court
Covarrubias,Manuel,J,Ventura County Superior Court
Covarrubias,Manuel,J,Ventura County Superior Court
Covello,Timothy,S,San Luis Obispo County Superior Court
Cowan,David,J,Los Angeles County Superior Court
Cowell,Michael,A,Los Angeles County Superior Court
Cox,James,A,Riverside County Superior Court
Craddick,Judith,None,Contra Costa County Superior Court
Cramer,James,P,Alameda County Superior Court
Cramin,Corey,None,Orange County Superior Court
Crandall,Charles,S,San Luis Obispo County Superior Court
Crandall,James,L,Orange County Superior Court
Crandall,James,L,Orange County Superior Court
Crandell,Sean,Paul,Riverside County Superior Court
Crandell,Sean,Paul,Riverside County Superior Court
Cretan,Clifford,V,San Mateo County Superior Court
Crompton,Charles,S,San Francisco County Superior Court
Crompton,Charles,S,San Francisco County Superior Court
Crowfoot,William,A.,Los Angeles County Superior Court
Crowfoot,William,A.,Los Angeles County Superior Court
Crowley,Daniel,M.,Los Angeles County Superior Court
Crowley,Daniel,M.,Los Angeles County Superior Court
Cuellar,Armando,G,Alameda County Superior Court
Cuellar,Mariano-Florentino,F,Supreme Court of California
Culhane,Kevin,R,Sacramento County Superior Court
Culhane,Kevin,R,Sacramento County Superior Court
Cullers,Mark,E,Fresno County Superior Court
Culver,Julie,R,Monterey County Superior Court
Cumba,Mark,None,San Diego County Superior Court
Cummins,Judge,Mike,Los Angeles County Superior Court
Cunningham III,David,S,Los Angeles County Superior Court
Currey,Brian,S,Los Angeles County Superior Court
Currey,Brian,S,"Court of Appeal, Second District"
Currier,Donald,J,Sacramento County Superior Court
Curry,Mark,S,Placer County Superior Court
Czuleger,John,Stephen,Los Angeles County Superior Court
Czuleger,John,Stephen,Los Angeles County Superior Court
Dabel,Sean,P,San Mateo County Superior Court
Dabel,Sean,P,San Mateo County Superior Court
Dabney,James,R,Los Angeles County Superior Court
Dahlquist,Robert,P,San Diego County Superior Court
Dahlquist,Robert,P,San Diego County Superior Court
Dalesandro,Samuel,J,Fresno County Superior Court
Damrell,Lauri,A.,Sacramento County Superior Court
Dandona,Jean,M,Santa Barbara County Superior Court
Dane,Joseph,None,Orange County Superior Court
Daniels,David,S,Solano County Superior Court
Danielsen,David,J,San Diego County Superior Court
Danner,Allison,M,Santa Clara County Superior Court
Danner,Allison,M,"Court of Appeal, Sixth District"
Dansby,Pamela,None,Los Angeles County Superior Court
Darwin,Richard,C,San Francisco County Superior Court
Dato,William,S,San Diego County Superior Court
Dato,William,S,"Court of Appeal, Fourth District"
Dauber,Michael,None,San Bernardino County Superior Court
Daum,Elliot,None,Sonoma County Superior Court
Daum,Nicholas,None,Los Angeles County Superior Court
Davalos,Maria,A,Los Angeles County Superior Court
Davalos,Maria,A,Los Angeles County Superior Court
Davidian,Ben,G,Sacramento County Superior Court
Davis,Carlton,G.,Sacramento County Superior Court
Davis,Carlton,G.,Sacramento County Superior Court
Davis,Cindy,D,San Diego County Superior Court
Davis,Cindy,D,San Diego County Superior Court
Davis,John,M,Riverside County Superior Court
Davis,Keith,D,San Bernardino County Superior Court
Davis,Laura,Jane,Sutter County Superior Court
Davis,Laura,Jane,Sutter County Superior Court
Davis,Lewis,A,Contra Costa County Superior Court
Davis,Mark,None,Los Angeles County Superior Court
Davis,Nancy,L,San Francisco County Superior Court
Davis,Terrye,D,Solano County Superior Court
Davis,Terrye,D,Solano County Superior Court
Davis,Tory,None,Los Angeles County Superior Court
Davis,Troy,G.,Los Angeles County Superior Court
Davis,William,J,Siskiyou County Superior Court
Davis III,Leland,None,San Mateo County Superior Court
Day,Renee,C,Amador County Superior Court
de Alba,Ana,I,Fresno County Superior Court
de Alba,Ana,I,Fresno County Superior Court
De Alba,David,F,Sacramento County Superior Court
De Alba,David,F,Sacramento County Superior Court
De La Cruz,Andre,None,Orange County Superior Court
De La Cruz,Andre,None,Orange County Superior Court
De La Pena,Nancy,A,Santa Cruz County Superior Court
De La Pena,Nancy,A,Santa Cruz County Superior Court
De Witt,Susan,J,Los Angeles County Superior Court
DeCasas,Michelle,Erika,Los Angeles County Superior Court
Deddeh,Peter,C,San Diego County Superior Court
Deddeh,Peter,C,San Diego County Superior Court
Deems,Michael,R,Butte County Superior Court
Deen,Shella,None,Santa Clara County Superior Court
Deen,Shella,None,Santa Clara County Superior Court
DeJesus,Raymonn,J.,Placer County Superior Court
Dekreon,Gail,None,San Francisco County Superior Court
Delaney,Thomas,A,"Court of Appeal, Fourth District"
Delaney,Thomas,A,Orange County Superior Court
Delgado,Jessica,M,Santa Clara County Superior Court
Delgado,Jessica,M,Santa Clara County Superior Court
Delgado,Rogelio,G,Los Angeles County Superior Court
Dellinger,Myanna,None,Los Angeles County Superior Court
Dellostritto,Michael,E,Kern County Superior Court
Delucchi,Paul,A,Alameda County Superior Court
DeMeo,Bradford,J,Sonoma County Superior Court
DeMeo,Bradford,J,Sonoma County Superior Court
DeNoce,Kevin,G,Ventura County Superior Court
DeNoce,Kevin,G,Ventura County Superior Court
Deroian,Von,Thuy,Santa Barbara County Superior Court
Deroian,Von,Thuy,Santa Barbara County Superior Court
DeSantos,Thomas,None,"Court of Appeal, Fifth District"
DeSantos,Thomas,None,Kings County Superior Court
Desautels,Tara,M,Alameda County Superior Court
Detienne,Daniel,W,San Bernardino County Superior Court
Detjen,Jennifer,R.S.,"Court of Appeal, Fifth District"
Devaney,Francis,M,San Diego County Superior Court
Devaney,Francis,M,San Diego County Superior Court
Devine,John,None,Contra Costa County Superior Court
Devine,John,None,Contra Costa County Superior Court
Dhanidina,Halim,None,Los Angeles County Superior Court
Dhanidina,Halim,None,"Court of Appeal, Second District"
Dhillon,Joginder,None,Sacramento County Superior Court
Dhillon,Joginder,None,Sacramento County Superior Court
Di Cesare,James,J,Orange County Superior Court
Diamond,David,D,Los Angeles County Superior Court
Diamond,David,D,Los Angeles County Superior Court
Diaz,Marta,S,San Mateo County Superior Court
Diaz,Monica,R.,Fresno County Superior Court
Diaz,Monica,R.,Fresno County Superior Court
Diaz,Rudolph,A,Los Angeles County Superior Court
Diaz Jr.,Samuel,None,Riverside County Superior Court
Diaz Jr.,Samuel,None,Riverside County Superior Court
Dibble,Ryan,None,Los Angeles County Superior Court
Dickerson III,Frederick,P,Riverside County Superior Court
Dickinson,Barbara,None,Alameda County Superior Court
Dier,Wendy,J,Modoc County Superior Court
Diesman,Kathleen,O,Los Angeles County Superior Court
Dillon,Timothy,P,Los Angeles County Superior Court
Distaso,Joseph,R,Stanislaus County Superior Court
Dixon,Karen,L,Siskiyou County Superior Court
Djemal,Sharon,None,Alameda County Superior Court
Do,Truc,T.,San Diego County Superior Court
Do,Truc,T.,San Diego County Superior Court
Do,Truc,T.,"Court of Appeal, Fourth District"
Dohi,Gregory,A,Los Angeles County Superior Court
Dolan,Carly,Brooke,Mendocino County Superior Court
Dolas,Mary,None,Fresno County Superior Court
Dollard,Jennifer,V,Sonoma County Superior Court
Dolnick,Jeremy,D,Orange County Superior Court
Dolnick,Jeremy,D,Orange County Superior Court
Domenzain,Michael,None,Imperial County Superior Court
Dominguez,Ernesto,Carlos,Los Angeles County Superior Court
Dominguez,Juan Carlos,None,Los Angeles County Superior Court
Dominguez,Juan Carlos,None,Los Angeles County Superior Court
Donahue,Patrick,H,Orange County Superior Court
Donahue,Patrick,H,Orange County Superior Court
Dondero,Robert,L,"Court of Appeal, First District"
Donner,Jonathan,C,Ventura County Superior Court
Donner,Michael,B,Riverside County Superior Court
Donovan,Christine,None,Solano County Superior Court
Dorado,Leopoldo,None,Alameda County Superior Court
Dordi,Firdaus,F,Los Angeles County Superior Court
Dordi,Firdaus,F,Los Angeles County Superior Court
Dorfman,Harry,M,San Francisco County Superior Court
Douglas,Danielle,K,Contra Costa County Superior Court
Douglas,Danielle,K,Contra Costa County Superior Court
Dourbetas,Nick,A,Orange County Superior Court
Downing,Marguerite,D,Los Angeles County Superior Court
Doyle,John,P,Los Angeles County Superior Court
Draper,Robert,S,Los Angeles County Superior Court
Draper,Robert,S,Los Angeles County Superior Court
Driscoll,David,None,San Bernardino County Superior Court
Driscoll,David,None,San Bernardino County Superior Court
Duarte,Elena,J,"Court of Appeal, Third District"
Dubois,Richard,H,San Mateo County Superior Court
Dubois,Richard,H,San Mateo County Superior Court
Duff,Christopher,None,Orange County Superior Court
Duff,Chrstopher,Robert,Orange County Superior Court
Duffy,Jacquelyn,H,San Luis Obispo County Superior Court
Duffy,Laura,E.,San Diego County Superior Court
Duffy-Lewis,Maureen,None,Los Angeles County Superior Court
Duffy-Lewis,Maureen,None,Los Angeles County Superior Court
Dugan,Becky,None,Riverside County Superior Court
Dukes,Robert,A,Los Angeles County Superior Court
Dulcich,Judith,K,Kern County Superior Court
Dunleavy,Kevin,None,San Mateo County Superior Court
Dunleavy,Kevin,None,San Mateo County Superior Court
Dunn,Franklin,T,Orange County Superior Court
Dunn,James,R,Los Angeles County Superior Court
Dunn,James,R,Los Angeles County Superior Court
Dunning,Kim,None,Orange County Superior Court
Duong,Le,J,Santa Clara County Superior Court
Duong,Le,J,Santa Clara County Superior Court
Durant,Yvette,None,Sierra County Superior Court
Durant,Yvette,None,Nevada County Superior Court
Durant,Yvette,None,Nevada County Superior Court
Dybwad,Christopher,Warner,Los Angeles County Superior Court
Dybwad,Christopher,Warner,Los Angeles County Superior Court
Dyer,Tom,M,Yolo County Superior Court
Dylina,Steven,L,San Mateo County Superior Court
Eagle,Kristine,A,San Joaquin County Superior Court
Eagle,Kristine,A,San Joaquin County Superior Court
Earl,Laurie,M,"Court of Appeal, Third District"
Earl,Laurie,M,"Court of Appeal, Third District"
Earl,Laurie,M,Sacramento County Superior Court
Earl,Laurie,M,Sacramento County Superior Court
East,Rochelle,C,San Francisco County Superior Court
Edber,Diego,None,Los Angeles County Superior Court
Edber,Diego,None,Los Angeles County Superior Court
Edmon,Lee,None,"Court of Appeal, Second District"
Edwards,Drew,E,Los Angeles County Superior Court
Edwards,Drew,E,Los Angeles County Superior Court
Edwards,Randy,None,Kings County Superior Court
Edwards,Randy,None,Kings County Superior Court
Egan,Elizabeth,A,Fresno County Superior Court
Egan,Elizabeth,A,Fresno County Superior Court
Egerton,Anne,H,"Court of Appeal, Second District"
Egerton,Anne,H,Los Angeles County Superior Court
Ekland,Alicia,Renee,Glenn County Superior Court
Ekland,Alicia,Renee,Glenn County Superior Court
Elfving,William,J,Santa Clara County Superior Court
Elia,Franklin,D.,"Court of Appeal, Sixth District"
Elias,Harry,M,San Diego County Superior Court
Eller,Stanley,L,Mono County Superior Court
Ellis,John,B,Solano County Superior Court
Ellis,Steven,None,Los Angeles County Superior Court
Ellison,Laura,None,Los Angeles County Superior Court
Ellison,Laura,None,Los Angeles County Superior Court
Elswick,Carol,None,Los Angeles County Superior Court
Elvine-Kreis,Gregory,None,Humboldt County Superior Court
Elvine-Kreis,Gregory,None,Humboldt County Superior Court
Emede,Julia,A,Santa Clara County Superior Court
Enos,Brian,None,Madera County Superior Court
Enright,Kevin,A,San Diego County Superior Court
Enright,Kevin,A,San Diego County Superior Court
Epley,Selena,D,San Diego County Superior Court
Epley,Selena,D,San Diego County Superior Court
Epstein,Mark,H,Los Angeles County Superior Court
Epstein,Norman,L,"Court of Appeal, Second District"
Erdosi,Bradley,None,Orange County Superior Court
Erickson,Jeffrey,None,San Bernardino County Superior Court
Ervin,Charles,H,Sierra County Superior Court
Ervin,Charles,H,Sierra County Superior Court
Erwood,Richard,A,Riverside County Superior Court
Escalante,Kristin,None,Los Angeles County Superior Court
Escalante,Mary,Ann,Los Angeles County Superior Court
Escobedo,Mildred,None,Los Angeles County Superior Court
Espana,Ana,None,San Diego County Superior Court
Espana,Ana,None,San Diego County Superior Court
Espinosa,Daniel,Richard,Orange County Superior Court
Espinoza,Miguel,None,Los Angeles County Superior Court
Espinoza,Miguel,None,Los Angeles County Superior Court
Esquivel-Pedroza,Rebeca,None,Santa Clara County Superior Court
Estes,Christopher,None,Los Angeles County Superior Court
Estes,Christopher,None,Los Angeles County Superior Court
Estremera,Micael,P.,Santa Clara County Superior Court
Etezadi,Susan,Irene,San Mateo County Superior Court
Eto,Gary,None,Los Angeles County Superior Court
Evangelista,Maria,E,San Francisco County Superior Court
Evangelista,Maria,E,San Francisco County Superior Court
Evangelista,Maria,E,San Francisco County Superior Court
Evans,John,G,Riverside County Superior Court
Evans,John,G,Riverside County Superior Court
Evans,Kelli,M.,Alameda County Superior Court
Evans,Kelly,None,Supreme Court of California
Evenson,Rebekah,B.,Alameda County Superior Court
Ewell,Christine,C,Los Angeles County Superior Court
Exarhos,Herbert,J,San Diego County Superior Court
Exarhos,Herbert,J,San Diego County Superior Court
Eyherabide,Eugenia,None,San Diego County Superior Court
Eyherabide,Eugenia,None,San Diego County Superior Court
Fagalde,Michael,A,Mariposa County Superior Court
Fagalde,Michael,A,Mariposa County Superior Court
Faherty,Shannon,None,San Bernardino County Superior Court
Fahey,William,F,Los Angeles County Superior Court
Fain,Gregory,T,Fresno County Superior Court
Fain,Gregory,T,Fresno County Superior Court
Fall,Timothy,L,Yolo County Superior Court
Falls,Thomas,None,Los Angeles County Superior Court
Falls,Thomas,None,Los Angeles County Superior Court
Fannin,Jill,C,Contra Costa County Superior Court
Fannin,Jill,C,Contra Costa County Superior Court
Fascenelli,Fred,William,Orange County Superior Court
Fattarsi,Jonathan,William,San Joaquin County Superior Court
Fattarsi,Jonathan,William,San Joaquin County Superior Court
Faulder,Keith,None,Mendocino County Superior Court
Federman,Rita,C,San Luis Obispo County Superior Court
Feeney,Jill,None,Los Angeles County Superior Court
Feeney,Jill,None,Los Angeles County Superior Court
Feeney,John,None,Humboldt County Superior Court
Feffer,Elizabeth,R,Los Angeles County Superior Court
Feldstern,Daniel,B,Los Angeles County Superior Court
Feldstern,Daniel,B,Los Angeles County Superior Court
Fell,Sheila,None,Orange County Superior Court
Feng,Samuel,K,San Francisco County Superior Court
Feng,Samuel,K,San Francisco County Superior Court
Fenstermacher,Susanne,M,Contra Costa County Superior Court
Fenstermacher,Susanne,M,Contra Costa County Superior Court
Ferguson,Jeffrey,M,Orange County Superior Court
Ferguson,Jeffrey,M,Orange County Superior Court
Ferguson,Jon,D,San Bernardino County Superior Court
Fernandez,Kenneth,J,Riverside County Superior Court
Fernandez,Kenneth,J,Riverside County Superior Court
Ferns,Edward,A,Los Angeles County Superior Court
Ferns,Edward,A,Los Angeles County Superior Court
Ferrall,Brian,L,San Francisco County Superior Court
Ferrall,Brian,L,San Francisco County Superior Court
Ferrari,Gary,J,Los Angeles County Superior Court
Ferrari,Gary,J,Los Angeles County Superior Court
Ferrari,Philip,None,Sacramento County Superior Court
Ferrentino,Anthony,None,Orange County Superior Court
Feuer,Gail Ruderman,None,Los Angeles County Superior Court
Feuer,Gail Ruderman,None,"Court of Appeal, Second District"
Fidler,Larry,P,Los Angeles County Superior Court
Fidler,Larry,P,Los Angeles County Superior Court
Fielder,John,L,Kern County Superior Court
Fields,David,R,Los Angeles County Superior Court
Fields,Richard,None,Riverside County Superior Court
Fields,Richard,None,"Court of Appeal, Fourth District"
Filer,Kelvin,D,Los Angeles County Superior Court
Filer,Kelvin,D,Los Angeles County Superior Court
Fineman,Nancy,None,San Mateo County Superior Court
Fineman,Nancy,None,San Mateo County Superior Court
Finigan,Jeffrey,R,San Mateo County Superior Court
Finigan,Jeffrey,R,San Mateo County Superior Court
Fiorini,Curtis,M,Sacramento County Superior Court
Firetag,Chad,W,Riverside County Superior Court
Firetag,Chad,W,Riverside County Superior Court
Fish,Jonathan,S,Orange County Superior Court
Fish,Jonathan,S,Orange County Superior Court
Fisher,Mac,R,Riverside County Superior Court
Flanagan,Tara,M,Alameda County Superior Court
Fleming,Eric,R,San Francisco County Superior Court
Flemming,Michael,Joseph,San Diego County Superior Court
Flier,Madeleine,I,"Court of Appeal, Second District"
Flint,Andrea,E,Santa Clara County Superior Court
Flint,Andrea,E,Orange County Superior Court
Flores,Daniel,A,San Francisco County Superior Court
Flores,Rogelio,None,Santa Barbara County Superior Court
Flores Jr.,Poli,None,Imperial County Superior Court
Flurer,Michele,E,Los Angeles County Superior Court
Flurer,Michele,E,Los Angeles County Superior Court
Flynn,Daniel,E,Shasta County Superior Court
Flynn,Daniel,E,Shasta County Superior Court
Flynn III,John,L,Orange County Superior Court
Flynn-Peister,Terri,K,Orange County Superior Court
Flynn-Peister,Terri,K,Orange County Superior Court
Foiles,Robert,D.,San Mateo County Superior Court
Folan,Maureen,A,Santa Clara County Superior Court
Folan,Maureen,A,Santa Clara County Superior Court
Foley,Stephen,None,Santa Barbara County Superior Court
Foley,Therese,M.,Kern County Superior Court
Foley,Therese,M.,Kern County Superior Court
Follett,William,H,Del Norte County Superior Court
Fong,Keith,None,Alameda County Superior Court
Foor,Peter,None,Solano County Superior Court
Forcum,Mark,R,San Mateo County Superior Court
Ford III,H. Jay,None,Los Angeles County Superior Court
Ford III,H. Jay,None,Los Angeles County Superior Court
Foster,Bryan,F,San Bernardino County Superior Court
Fournier,Lori Ann,None,Los Angeles County Superior Court
Fournier,Lori Ann,None,Los Angeles County Superior Court
Fracchia,Robert,C,Solano County Superior Court
Franchi,Don,R,San Mateo County Superior Court
Franchi,Don,R,San Mateo County Superior Court
Franco,Jose,S,Santa Clara County Superior Court
Frangie,Janet,M,San Bernardino County Superior Court
Frank,Ronald,F,Los Angeles County Superior Court
Frankel,Simon,J.,San Francisco County Superior Court
Franklin,Shauna,Anne,Sacramento County Superior Court
"Franson, Jr.",Donald,R,"Court of Appeal, Fifth District"
Fraser,Jeffrey,F,San Diego County Superior Court
Fraser,Jeffrey,F,San Diego County Superior Court
Frawley,Timothy,M,Sacramento County Superior Court
Frazier,Ronald,F,San Diego County Superior Court
Frazier,Ronald,F,San Diego County Superior Court
Freccero,Stephen,P,Marin County Superior Court
Freedman,Robert,B,Alameda County Superior Court
Freeland,Cynthia,A.,San Diego County Superior Court
Freeland,John,D,Stanislaus County Superior Court
Freeman,Kenneth,R,Los Angeles County Superior Court
Freeman,Kenneth,R,Los Angeles County Superior Court
Freeman Stinn,Josh,R,Los Angeles County Superior Court
Freer,Timothy,F,Riverside County Superior Court
Freer,Timothy,F,Riverside County Superior Court
Freestone,Loren,G.,San Diego County Superior Court
Freestone,Loren,G.,San Diego County Superior Court
Fregoso,Rosa,None,Los Angeles County Superior Court
Freixes,Graciela,L,Los Angeles County Superior Court
Friedman,Gary,T,Kern County Superior Court
Frieman,Shlumo,None,Los Angeles County Superior Court
Frimpong,Maame,E,Los Angeles County Superior Court
Frimpong,Maame,E,Los Angeles County Superior Court
Frisco,Chris,J,Los Angeles County Superior Court
Frisco,Chris,J,Los Angeles County Superior Court
Fruin Jr.,Richard,L,Los Angeles County Superior Court
Fruin Jr.,Richard,L,Los Angeles County Superior Court
Frye,Michael,S,San Luis Obispo County Superior Court
Fudenna,Keith,H,Alameda County Superior Court
Fudge,Randall,C.,Los Angeles County Superior Court
Fujie,Holly,J,Los Angeles County Superior Court
Fujie,Holly,J,Los Angeles County Superior Court
Fujioka,Fred,J,Los Angeles County Superior Court
Fujioka,Fred,J,Los Angeles County Superior Court
Fujioka,Margaret,None,Alameda County Superior Court
Fujioka,Margaret,None,Alameda County Superior Court
Fujisaki,Carin,None,"Court of Appeal, First District"
Fuller,Ken,M,Los Angeles County Superior Court
Fuller,Ken,M,Los Angeles County Superior Court
Fuller,Kenneth,None,Los Angeles County Superior Court
Fuller,Mary,E,San Bernardino County Superior Court
Fultz,Robert,Anthony,Tulare County Superior Court
Fusselman,Ian,C,Los Angeles County Superior Court
Fybel,Richard,None,"Court of Appeal, Fourth District"
Gaab,Kimberly,A,Fresno County Superior Court
Gaard,Janet,None,Yolo County Superior Court
Gabriel,Lee,L,Orange County Superior Court
Gaffey,Michael,J,Alameda County Superior Court
Gaffney,Donald,F,Orange County Superior Court
Gallagher,John,M,Santa Cruz County Superior Court
Gallagher,John,M,Santa Cruz County Superior Court
Gallagher,Peter,L,San Diego County Superior Court
Gallagher,Peter,L,San Diego County Superior Court
Gallon,Stephen,J,Riverside County Superior Court
Gallon,Stephen,J,Riverside County Superior Court
Galloway,Benjamin,David,Sacramento County Superior Court
Gamoian,Lisa,M,Fresno County Superior Court
Gamoian,Lisa,M,Fresno County Superior Court
Gannon Jr.,Robert,C,Orange County Superior Court
Garaventa,John,J,Tehama County Superior Court
Garber,Bernard,J.,Los Angeles County Superior Court
Garber,Bernard,J.,San Joaquin County Superior Court
Garcia,Arthur,A,Santa Barbara County Superior Court
Garcia,Damian,None,San Bernardino County Superior Court
Garcia,Laura,C,Riverside County Superior Court
Garcia,Lupe,C.,Alameda County Superior Court
Garcia,Michael,None,Los Angeles County Superior Court
Garcia,Michael,None,Los Angeles County Superior Court
Garcia,Patricia,None,San Diego County Superior Court
Garcia,Patricia,None,San Diego County Superior Court
Garcia,Ruben,None,Los Angeles County Superior Court
Garcia,Ruben,None,Los Angeles County Superior Court
Garcia Uhrig,Emily,None,Los Angeles County Superior Court
Garcia Uhrig,Emily,None,Los Angeles County Superior Court
Garcia-Rodrigo,Candice,None,San Bernardino County Superior Court
Garcia-Rodrigo,Candice,None,San Bernardino County Superior Court
Garcia-Sen,Christine,Marie,Santa Clara County Superior Court
Garcia-Sen,Christine,Marie,Santa Clara County Superior Court
Garnett,Sherilyn,P,Los Angeles County Superior Court
Garratt,Stephanie,G,San Mateo County Superior Court
Garratt,Stephanie,G,San Mateo County Superior Court
Garrett,Carla,None,Los Angeles County Superior Court
Garrett,Ginger,E,San Luis Obispo County Superior Court
Gary,Matthew,J,Sacramento County Superior Court
Gary,Matthew,J,Sacramento County Superior Court
Garza,Donna,None,San Bernardino County Superior Court
Garza,Thomas,S,San Bernardino County Superior Court
Gasdia,Brian,F,Los Angeles County Superior Court
Gasdia,Brian,F,Los Angeles County Superior Court
Gastelum,John,C,Orange County Superior Court
Gaston,Marian,None,San Diego County Superior Court
Gaston,Marian,None,San Diego County Superior Court
Gauff,Karen,Ackerson,Los Angeles County Superior Court
Gauff,Karen,Ackerson,Los Angeles County Superior Court
Gaul,Gregory,S,Shasta County Superior Court
Gazzaniga,Suzanne,I,Placer County Superior Court
Geck,Donna,D,Santa Barbara County Superior Court
Gee,Delbert,C,Alameda County Superior Court
Geffon,Eric,S,Santa Clara County Superior Court
Geffon,Eric,S,Santa Clara County Superior Court
Gelfound,David,B,Los Angeles County Superior Court
Genesta,George,None,Los Angeles County Superior Court
George,Stephanie,None,Orange County Superior Court
George,Virginia,None,Contra Costa County Superior Court
Gerard,Jennifer,None,Riverside County Superior Court
Gerard,Jennifer,None,Riverside County Superior Court
Gerard,Robert,None,Orange County Superior Court
Getrich,Sam,Ellis,Stanislaus County Superior Court
Getty,Wendy,G,Solano County Superior Court
Getty,Wendy,G,Solano County Superior Court
Gevercer,Steven,M,Sacramento County Superior Court
Gevercer,Steven,M,Sacramento County Superior Court
Gibbons,Danielle,None,Los Angeles County Superior Court
Gibbons,Marc,A.,Orange County Superior Court
Gibson,Gary,G,Shasta County Superior Court
Gibson,Gary,G,Shasta County Superior Court
Gilbert,Arthur,None,"Court of Appeal, Second District"
Gilbertson,Rene,C,Los Angeles County Superior Court
Gilbertson,Rene,C,Los Angeles County Superior Court
Gill,Charles,R,San Diego County Superior Court
Gill,David,M,San Diego County Superior Court
Gill,David,M,San Diego County Superior Court
Gill,Lathe,S,Humboldt County Superior Court
Gill,Susan,M,Kern County Superior Court
Gilleece,Michelle,None,San Bernardino County Superior Court
Gilliard,Maryanne,G,Sacramento County Superior Court
Gilmore,Kerri,M.,Tulare County Superior Court
Gini,Eugene,S,Placer County Superior Court
Gini,Eugene,S,Placer County Superior Court
Giorgi,Loretta,M,San Francisco County Superior Court
Girardot,Stephen,R,Kings County Superior Court
Giuliani,Jennifer,A,Kings County Superior Court
Giuntini,Kimberly,Briggs,Alameda County Superior Court
Givens,Debra,L,Yuba County Superior Court
Giza,Alexander,C.,Los Angeles County Superior Court
Giza,Alexander,C.,Los Angeles County Superior Court
Gizzi,L. Stephen,None,Solano County Superior Court
Glass,Geoffrey,T,Orange County Superior Court
Glazier,Thomas,A,Orange County Superior Court
Glazier,Thomas,A,Orange County Superior Court
Gleason,Colleen,None,Contra Costa County Superior Court
Glennon Jr.,Bert,None,Los Angeles County Superior Court
Glusman,Robert,A,Butte County Superior Court
Gnoss,Kenneth,J,Sonoma County Superior Court
Gnoss,Kenneth,J,Sonoma County Superior Court
Goethals,Thomas,M,Orange County Superior Court
Goethals,Thomas,M,"Court of Appeal, Fourth District"
Gogo,Johnny,None,Santa Clara County Superior Court
Gold,Cary,None,San Francisco County Superior Court
Goldberg,Hank,M,Los Angeles County Superior Court
Goldman,Jeremy,Michael,"Court of Appeal, First District"
Goldstein,Daniel,B,San Diego County Superior Court
Goldstein,Daniel,B,San Diego County Superior Court
Goldstein,David,e,Contra Costa County Superior Court
Goldstein,David,e,Contra Costa County Superior Court
Goldstein,Donna,F,Los Angeles County Superior Court
Goldstein,Donna,F,Los Angeles County Superior Court
Goldstein,Jonathan,None,San Bernardino County Superior Court
Gomes,Gene,M,"Court of Appeal, Fifth District"
Gomez,Danette,J,Los Angeles County Superior Court
Gomez,Danette,J,Los Angeles County Superior Court
Gomez,Gus,None,Los Angeles County Superior Court
Gonzalez,Liliana,None,Los Angeles County Superior Court
Gonzalez Lomeli,George,R,Los Angeles County Superior Court
Gonzalez Lomeli,George,R,Los Angeles County Superior Court
Goode,Barry,None,Contra Costa County Superior Court
Gooding,Martha,K,Orange County Superior Court
Gooding,Martha,K,Orange County Superior Court
Goodkin,Robert,None,Orange County Superior Court
Goodman,Diane,None,Los Angeles County Superior Court
Goodman,Geoffrey,A,Sacramento County Superior Court
Goodman,Geoffrey,A,Sacramento County Superior Court
Goodman,Larry,J,Alameda County Superior Court
Goodson,Carol,B,Los Angeles County Superior Court
Goorvitch,Stephen,I,Los Angeles County Superior Court
Gordon,Beatriz,M,Orange County Superior Court
Gordon,Jack,Dennis,Santa Cruz County Superior Court
Gordon,Scott,M,Los Angeles County Superior Court
Gordon,Scott,M,Los Angeles County Superior Court
Gorelick,Walter,None,Tulare County Superior Court
Goswami,Rupa,S,Los Angeles County Superior Court
Goswami,Rupa,S,Los Angeles County Superior Court
Gottlieb,David,A,Fresno County Superior Court
Gottlieb,David,A,Fresno County Superior Court
Goul,Richard,M,Los Angeles County Superior Court
Goul,Richard,M,Los Angeles County Superior Court
Gould-Saltman,Dianna,J,Los Angeles County Superior Court
Govea,Sonia,None,Los Angeles County Superior Court
Grandsaert,John,L,San Mateo County Superior Court
Green,Kenneth R.,None,Kern County Superior Court
Green,Lesley,C,Los Angeles County Superior Court
Green,Susan,E,Sutter County Superior Court
Green,Terry,A,Los Angeles County Superior Court
Green,Terry,A,Los Angeles County Superior Court
Greenberg,Susan,L,San Mateo County Superior Court
Greenberg,Susan,L,San Mateo County Superior Court
Greenberg,Victor,H,Los Angeles County Superior Court
Greene,Carol,None,Riverside County Superior Court
Greene,Carol,None,Riverside County Superior Court
Greenwood,Mary,J,"Court of Appeal, Sixth District"
Greenwood,Mary,J,Santa Clara County Superior Court
Griego,Tom,None,Los Angeles County Superior Court
Griego,Tom,None,Los Angeles County Superior Court
Griffin,Craig,L,Orange County Superior Court
Grilli,Mary Ann,None,Santa Clara County Superior Court
Grillo,Evelio,M,Alameda County Superior Court
Grimes,Elizabeth,A.,"Court of Appeal, Second District"
Grimmer,Dan,None,Alameda County Superior Court
Groban,Joshua,None,Supreme Court of California
Groch,Michael,S,San Diego County Superior Court
Groch,Michael,S,San Diego County Superior Court
Groman,Donna,None,Los Angeles County Superior Court
Gross,Marc,D,Los Angeles County Superior Court
Gross,Marc,D,Los Angeles County Superior Court
Grover,Adrienne,M.,"Court of Appeal, Sixth District"
Guasco,Matthew,P,Ventura County Superior Court
Guasco,Matthew,P,Ventura County Superior Court
Guerra,Amy,Katherine,Fresno County Superior Court
Guerra,Amy,Katherine,Fresno County Superior Court
Guerrero,Matthew,None,San Luis Obispo County Superior Court
Guerrero,Patricia,None,"Court of Appeal, Fourth District"
Guerrero,Patricia,None,San Diego County Superior Court
Guerrero-Daley,Teresa,None,Santa Clara County Superior Court
Guiliani,Richard,J,San Joaquin County Superior Court
Guillemet,Kimberley,B,Los Angeles County Superior Court
Guillemet,Kimberley,B,Los Angeles County Superior Court
Gullon,Christian,R,Los Angeles County Superior Court
Gunn,David,A,Riverside County Superior Court
Gutierrez,Carlos,R,Solano County Superior Court
Gutierrez,Hector,E,Los Angeles County Superior Court
Gutierrez,Hector,E,Los Angeles County Superior Court
Gutierrez,Leslie,None,Los Angeles County Superior Court
Guy,Denine,J,Santa Cruz County Superior Court
Guy,Denine,J,Santa Cruz County Superior Court
Guy Castillo,Erin,None,San Joaquin County Superior Court
Guzman,Hector,M,Los Angeles County Superior Court
Guzman,Hector,M,Los Angeles County Superior Court
Gweon,Helena,R,Sacramento County Superior Court
Gweon,Helena,R,Sacramento County Superior Court
Haakenson,Paul,M,Marin County Superior Court
Haehnle,Garry,G,San Diego County Superior Court
Haehnle,Garry,G,San Diego County Superior Court
Hahn,James,K,Los Angeles County Superior Court
Haight III,Raymond,L,San Bernardino County Superior Court
Haines,Charles,F,San Francisco County Superior Court
Halgren,Laura,W,San Diego County Superior Court
Halgren,Laura,W,San Diego County Superior Court
Hall,Henry,J,Los Angeles County Superior Court
Hall,Tamara,E,Los Angeles County Superior Court
Hallahan,Maureen,F,San Diego County Superior Court
Hallahan,Maureen,F,San Diego County Superior Court
Haller,Judith,None,"Court of Appeal, Fourth District"
Halm,Howard,L,Los Angeles County Superior Court
Hamilton Jr.,Jeff,Y,Fresno County Superior Court
Hamilton Jr.,Jeff,Y,Fresno County Superior Court
Hamlin,William,K,Fresno County Superior Court
Hammock,Randolph,M,Los Angeles County Superior Court
Hammock,Randolph,M,Los Angeles County Superior Court
Hammond,Melissa,None,Los Angeles County Superior Court
Hammond,Melissa,None,Los Angeles County Superior Court
Hanasono,Mark,K,Los Angeles County Superior Court
Hancock,Holly,Lynn,Los Angeles County Superior Court
Hancock,Holly,Lynn,Los Angeles County Superior Court
Hancock,Holly,Lynn,Los Angeles County Superior Court
Hanna,Sylvia,Joseph,Tulare County Superior Court
Hanoian,Louis,R,San Diego County Superior Court
Hansell,Dean,H,Los Angeles County Superior Court
Hansell,Dean,H,Los Angeles County Superior Court
Hansen,Kelly,L,Riverside County Superior Court
Hansen,Kelly,L,Riverside County Superior Court
Hansen,Ronald,W,Merced County Superior Court
Hanson,Sheila,F,Orange County Superior Court
Hara,Kenneth,J,Stanislaus County Superior Court
Harbin-Forte,Brenda,Fay,Alameda County Superior Court
Hardcastle,Allan,D,Sonoma County Superior Court
Hardie,Rebecca,C,Contra Costa County Superior Court
Hare,Patrick,Earl,Los Angeles County Superior Court
Hare,Patrick,Earl,Los Angeles County Superior Court
Harman,Dodie,A,San Luis Obispo County Superior Court
Harmon,Christopher,B,Riverside County Superior Court
Harmon,Christopher,B,Riverside County Superior Court
Harmon,Eric,P,Los Angeles County Superior Court
Harmon,Eric,P,Los Angeles County Superior Court
Harper,Caree,Annette,Los Angeles County Superior Court
Harper,Michael,B,Trinity County Superior Court
Harper,Michael,B,Trinity County Superior Court
Harrell,Arlan,L,Fresno County Superior Court
Harrell,Arlan,L,Fresno County Superior Court
Harrell III,Alvin,M,Fresno County Superior Court
Harris,Debra,None,San Bernardino County Superior Court
Harris,Matthew,S,Santa Clara County Superior Court
Harris,Matthew,S,Santa Clara County Superior Court
Harrison,Arthur,A,San Bernardino County Superior Court
Harrison,Robert,S,Los Angeles County Superior Court
Harrison,Robert,S,Los Angeles County Superior Court
Harry,Shanda,None,Lake County Superior Court
Harutunian III,Albert,T,San Diego County Superior Court
Harutunian III,Albert,T,San Diego County Superior Court
Harwin,Michael,None,Los Angeles County Superior Court
Harwin,Michael,None,Los Angeles County Superior Court
Hashimoto,Roy,None,Alameda County Superior Court
Haskins,Kevin,J,Orange County Superior Court
Haskins,Kevin,J,Orange County Superior Court
Hatchimonji,Douglas,None,Orange County Superior Court
Hawk,Robert,None,Santa Clara County Superior Court
Hawk,Robert,None,Santa Clara County Superior Court
Hawkins,James,S,Riverside County Superior Court
Hayashi,Dennis,W,Alameda County Superior Court
Hayashi,RobertaAnn,K,Santa Clara County Superior Court
Hayashi,RobertaAnn,K,Santa Clara County Superior Court
Hayes,Jonathan,None,Sacramento County Superior Court
Hayes,Jonathan,None,Sacramento County Superior Court
Hayes,Judith,F,San Diego County Superior Court
Hayes,Larry,E,Monterey County Superior Court
Hayes,William,Michael,Orange County Superior Court
Haynes,Brian,F,Contra Costa County Superior Court
Haynes,Brian,F,Contra Costa County Superior Court
Haynes,Marcelita,V,Los Angeles County Superior Court
Haynes,Marcelita,V,Los Angeles County Superior Court
Healy,Daniel,J,Solano County Superior Court
Healy,Nicole,None,San Mateo County Superior Court
Healy,Timothy,S,Calaveras County Superior Court
Healy,Timothy,S,Calaveras County Superior Court
Heckman,Sarah,H,Sutter County Superior Court
Hedstrom,Stephen,O,Lake County Superior Court
Heeseman,Nicole,M,Los Angeles County Superior Court
Heeseman,Nicole,M,Los Angeles County Superior Court
Hegarty,Patrick,None,Los Angeles County Superior Court
Heidel,Sarah,None,Los Angeles County Superior Court
Heidel,Sarah,None,Los Angeles County Superior Court
Heidelberger,Candace,S,Nevada County Superior Court
Heidelberger,Candace,S,Nevada County Superior Court
Hein,Paige,None,Sonoma County Superior Court
Heithecker,Philip,H,Butte County Superior Court
Helton,Sabina,A.,Los Angeles County Superior Court
Helton,Sabina,A.,Los Angeles County Superior Court
Henderson,Richard,J,Mendocino County Superior Court
Hendrickson,Cindy,Seeley,Santa Clara County Superior Court
Hendrickson,Cindy,Seeley,Santa Clara County Superior Court
Henry,Margaret,S,Los Angeles County Superior Court
Henson,Carol,L,Orange County Superior Court
Herbert,Paul,D,Alameda County Superior Court
Herin,Scott,None,Los Angeles County Superior Court
Herin,Scott,None,Los Angeles County Superior Court
Herman,James,E,Santa Barbara County Superior Court
Hermanson,John,S,Amador County Superior Court
Hernandez,Alma,Manuela,Orange County Superior Court
Hernandez,Alma,Manuela,Orange County Superior Court
Hernandez,Esteban,None,San Diego County Superior Court
Hernandez,Helios,J,Riverside County Superior Court
Hernandez,Jorge,C,Riverside County Superior Court
Hernandez,Jorge,C,Riverside County Superior Court
Hernandez,Maria,D,Orange County Superior Court
Hernandez,Peter,A,Los Angeles County Superior Court
Hernandez,Peter,A,Los Angeles County Superior Court
Hernandez Jr.,George,C,Alameda County Superior Court
Hernandez-Stern,Benjamin,None,Los Angeles County Superior Court
Herrera,Cynthia,M,Orange County Superior Court
Herrera,Cynthia,M,Orange County Superior Court
Herriford,David,V,Los Angeles County Superior Court
Herrington,Lois,H,Contra Costa County Superior Court
Herscovitz,Martin,L,Los Angeles County Superior Court
Herscovitz,Martin,L,Los Angeles County Superior Court
Hersher,Judy,H,Sacramento County Superior Court
Hersher,Judy,H,Sacramento County Superior Court
Heryford,Eric,L,Trinity County Superior Court
Heryford,Eric,L,Trinity County Superior Court
Hess,Robert,L,Los Angeles County Superior Court
Hesseltine,David,J,Orange County Superior Court
Hesseltine,David,J,Orange County Superior Court
Hester,Kristi,Elise,Riverside County Superior Court
Hester,Kristi,Elise,Riverside County Superior Court
Higa,Robert,J,Los Angeles County Superior Court
Highberger,William,F,Los Angeles County Superior Court
Highberger,William,F,Los Angeles County Superior Court
Hilde,Janet,A,Plumas County Superior Court
Hill,Brad,R,"Court of Appeal, Fifth District"
Hill,Brian,E,Santa Barbara County Superior Court
Hill,Brian,E,Santa Barbara County Superior Court
Hill,Christina,L,Los Angeles County Superior Court
Hill,Christina,L,Los Angeles County Superior Court
Hill,Deirdre,None,Los Angeles County Superior Court
Hill,Deirdre,None,Los Angeles County Superior Court
Hill,Elizabeth,M,San Mateo County Superior Court
Hill,Elizabeth,M,San Mateo County Superior Court
"Hill, Jr.",Charlie,None,San Bernardino County Superior Court
Hillman,Bret,D,Tulare County Superior Court
Hing,Stuart,L,Alameda County Superior Court
Hinrichs,Joyce,None,Humboldt County Superior Court
Hinrichs,Joyce,None,Humboldt County Superior Court
Hinton,Barbara,C,Contra Costa County Superior Court
Hinton,Barbara,C,Contra Costa County Superior Court
Hippach,Denise,None,Santa Barbara County Superior Court
Hiramoto,Joni,None,Contra Costa County Superior Court
Hirashima,Trisha,Jade,Placer County Superior Court
Hiroshige,Ernest,M,Los Angeles County Superior Court
Hirsch,David,M,Ventura County Superior Court
Hite,Christopher,C,San Francisco County Superior Court
Hizami,David,E,Los Angeles County Superior Court
Hizami,David,E,Los Angeles County Superior Court
Hobbs,Lynne,M,Los Angeles County Superior Court
Hobbs,Lynne,M,Los Angeles County Superior Court
Hoch,Andrea,L,"Court of Appeal, Third District"
Hofer,Ralph,C,Los Angeles County Superior Court
Hoff,Gary,D,Fresno County Superior Court
Hoffer,David,A,Orange County Superior Court
Hoffstadt,Brian,M,"Court of Appeal, Second District"
Hogue,Amy,D,Los Angeles County Superior Court
Holland,Lesley,D,San Joaquin County Superior Court
Hollenhorst,Thomas,E,"Court of Appeal, Fourth District"
Hollenhorst,Timothy,J,Riverside County Superior Court
Hollenhorst,Timothy,J,Riverside County Superior Court
Hollingsworth Armstrong,Donna,None,Los Angeles County Superior Court
Hollingsworth Armstrong,Donna,None,Los Angeles County Superior Court
Hollman,James,W,Tulare County Superior Court
Holly,Carter,P,San Joaquin County Superior Court
Holly,Carter,P,San Joaquin County Superior Court
Holt,Rachel,E,San Mateo County Superior Court
Holt,Rachel,E,San Mateo County Superior Court
Hom,Russell,L,Sacramento County Superior Court
Hom,Russell,L,Sacramento County Superior Court
Honer,Sherri,L,Orange County Superior Court
Honer,Sherri,L,Orange County Superior Court
Honeycutt,Alan,B,Los Angeles County Superior Court
Honeycutt,Alan,B,Los Angeles County Superior Court
Honigsberg,Christopher,M,Sonoma County Superior Court
Honigsberg,Christopher,M,Sonoma County Superior Court
Hood,Mark,E,Monterey County Superior Court
Hopp,Harold,W,Riverside County Superior Court
Hopp,Harold,W,Riverside County Superior Court
Horan,James,E,Los Angeles County Superior Court
Horan,James,E,Los Angeles County Superior Court
Horn,Frederick,None,Orange County Superior Court
"Horn, Jr.",H. Chester,None,Los Angeles County Superior Court
"Horn, Jr.",H. Chester,None,Los Angeles County Superior Court
Horner,Jeffrey,W,Alameda County Superior Court
Horst,Garen,J,Placer County Superior Court
Hosking,James,J,San Bernardino County Superior Court
House,Mary,None,Los Angeles County Superior Court
House,Mary,None,Los Angeles County Superior Court
Houska,Maureen,M,Ventura County Superior Court
Howard,Geoffrey,M,Marin County Superior Court
Howard,Theodore,R,Orange County Superior Court
Hoy,Margo,Lewis,San Diego County Superior Court
Hoy,Margo,Lewis,San Diego County Superior Court
Hoyt,Seth,R,San Joaquin County Superior Court
Hoyt,Seth,R,San Joaquin County Superior Court
Hsu,Wesley,None,Los Angeles County Superior Court
Hsu,Wesley,None,Los Angeles County Superior Court
Huang,Peggy,Z.,Orange County Superior Court
Hubbard,Kim,R,Orange County Superior Court
Huber,Joseph,H,Santa Clara County Superior Court
Huber,Joseph,H,Santa Clara County Superior Court
Hudson,Altus,W,Los Angeles County Superior Court
Hudson,Altus,W,Los Angeles County Superior Court
Huerta,Georgia,None,Los Angeles County Superior Court
Huffman,Richard,D,"Court of Appeal, Fourth District"
Hull Jr.,Harry,E,"Court of Appeal, Third District"
Hulsey,Stephanie,E,Monterey County Superior Court
Humes,James,M,"Court of Appeal, First District"
Humphrey,Colette,M,Kern County Superior Court
Humphreys,Elizabeth,None,San Joaquin County Superior Court
Humphreys,Elizabeth,None,San Joaquin County Superior Court
Hunt,Derek,None,Orange County Superior Court
Hunter,Eleanor,J,Los Angeles County Superior Court
Hunter,Eleanor,J,Los Angeles County Superior Court
Hunter,Patricia,A.,Los Angeles County Superior Court
Hunter,Patricia,A.,Los Angeles County Superior Court
Hurst,Linda,D,San Luis Obispo County Superior Court
Hurwitz,Lon,F,Orange County Superior Court
Hutson,Cara,D,San Bernardino County Superior Court
Hutson,Cara,D,San Bernardino County Superior Court
Hwang,Anne,None,Los Angeles County Superior Court
Hwang,Anne,None,Los Angeles County Superior Court
Hwang,Victor,M,San Francisco County Superior Court
Hwang,Victor,M,San Francisco County Superior Court
Hymer,Allan,None,Alameda County Superior Court
